,0
Must Be Love,4rYNrM5Yfi7vAs0PF3WnZW
Dance with Me (feat. Thomas Rhett & Young Thug),6wXgnhpmOPEJ7cUweSyy2B
Kawasaki,1IUUMsKE93d3FaOE0OQuXo
On N On (feat. Leony),53IKe69OlZPlrDyS98geFO
Now Or Never,4KjnaUNYPwGnJjoeTFlt91
Here We Go Again,72QnwdvQfN69gXRaUfJTFL
R.I.P. (feat. Rita Ora & Anitta),6JqpFboOH2bq9pzaYbkKBn
The Scoop,2nZPwKpV75BQpn9snGy2xG
Show Me Love (America),28n62PUyuEnv5qpX3CLOzq
Crashing (feat. Bahari),17Efhyf4A96n0EFXKeB7Ya
La Bomba,0Tl84qfow6Dv0PM60zoBhb
The Anthem - Radio Mix,3JmkG8HYHr279NmuRTDVnU
No Drama,2AEWlaVGx9IopuYlK9hbzF
you broke me first,4l0RmWt52FxpVxMNni6i63
Clap Back,1FK0sZfZzCAIDUn7htCemp
Careless Whisper,5WDLRQ3VCdVrKw0njWe5E5
Daisies,6IvI2Il2AdSHp9lmAIKzM7
I'm Feeling You,0n3hdlinZYNly8NqAtvJHu
Jealous - Remix,5NQJnRpJHRaupdegphntQT
MEGATRON,1ZDmxwg7Lywlx68b7SsJjj
Break Up Song,5U4zBRfVdqaL1kOULNtZ1T
Smells Like Teen Spirit,5ghIJDpPoe3CfHMGu71E6T
Long Run (feat. Nina Nesbitt),71xLha47XAePi0EbzHAbEW
In The Arms Of A Stranger - Grey Remix,48GBbQiTSlXX5i0cn3iIiJ
Outside,7MmG8p0F9N3C4AXdK6o6Eb
Give Me Your Hand (Best Song Ever),38pnSnvIxe1MhQlFVdZFBW
Discovery,5bO33fxvcGqZp7Pw3zIQsj
So Yesterday,0J1Wfjo9H3R62yaCuuNDZX
Hula Hoop (feat. Machel Montano) - Precision Soca Remix,5DY6XpFBbMpedGudvgNZCY
Run Away,3DK6m7It6Pw857FcQftMds
Castle On The Hill - Recorded at Sound Stage Nashville,71R7NckyIlOd8fJzoZIJfR
Selfish,2xbI8Vmyv3TkpTdywpPyNw
These Are the Days - Luca Schreiner Remix,5bY0RCjIiggxBueTd3rHbu
Sue Me,3WVhkjB7Y4xFruqoCAajBb
Always,1FCQLXqwkKiqXNVAos5j2B
i'm so tired...,7LpMG3AEaIJgs62HQhAa91
Try Again (feat. A7S),745LUoE5rQZ51Tz4WnBoNp
Nothing On Us,5mo8B96x4p0hIZJUuYNMlC
"Me, Myself & I (feat. Bryn Christopher)",2SutWozKjO4T9iwWknJAqU
Slow Dance,6MBUUSIWCzaXW4q58Ktrv9
Weekend Vibe,5c0lWlmIyCq7hzBhpZasYL
Figure Out,2bFGGsScXp2Tu10jKMCKO6
All Night - Acoustic,2Hi2tWANUXtd1URtLYgwne
Roar,27tNWlhdAryQY04Gb2ZhUI
Grow Up - Martin Jensen Remix,1workHZmzXmTaYdrfFOKDQ
Thinkin Bout You,7DfFc7a6Rwfi3YQMRbDMau
Goodbye (feat. Nicki Minaj & Willy William),5Xn4IyTtW6FUGIUyWjbUHG
The World We Left Behind (feat. KARRA),1tpJ6wdE1jOg8aThxas4oR
Little Swing,66U0ASk1VHZsqIkpMjKX3B
Hula Hoop,07AiWpzE3B8aAuFAIfrlQ7
We Are The Greatest,4yzxDSRWe84iRZmgafpLxK
Slow Dance - Kesh Remix,15sSyFVp0euho2xn0v4ijX
Witch Doctor,5YZuePCawcrg0DJrWovPu7
Jenny from the Block (feat. Jadakiss & Styles P.) - Track Masters Remix,0jiBVBJkLrlGLgrIVmd3VK
Weekend Vibe - Vice Remix,6qejzG4wAOcpEtZZPLw4wj
Dirty Talk,6g6A7qNhTfUgOSH7ROOxTD
Boys,1du4tPkvJfCIuVL6WMtqSs
Me And My Broken Heart,1oew3nFNY3vMacJAsvry0S
Catch & Release - Deepend Remix,11BAVEGi1ivJ6JWLqKUNrZ
Somebody To You,08oiJasFU4WhXgGaXO9v2T
#thatPOWER,01TuObJVd7owWchVRuQbQw
Room to Fall,4pCaBJPDbw1HFzwsQZlIgb
Speaking Without a Net: How to Master Impromptu Communication,65bwzBnYx0i7ExWP6bXPnv
Naturally,1YaVmBh7EAeR54FIjuFcb5
You're Ma Cherie - DJ Antoine vs Mad Mark 2K13 Radio Edit,54X4tsc4YnvhliQQjP1T0V
bury a friend,4SSnFejRGlZikf02HLewEF
We Can Get High (with Yellow Claw),3csdDTfByXZQhOYlCHQJRp
Up to You (feat. NCT DREAM),58LUjGxK8NF8VD7KxRvONb
What Are You Waiting For,1PILWAtGLdG772MCA51sZ6
Bubblegum (feat. Tyga),2G76iRK1fzO5MiDvcTYkET
Personal,33KJ2xFYONOlIYDBg6wPx8
you were good to me,4CxFN5zON70B3VOPBYbd6P
Better Tomorrow,758QzANWjOWaBnVW9DAZXx
Party Like It's Your Birthday,4RY96Asd9IefaL3X4LOLZ8
Outline (feat. Julie Bergan),1jO5cLkg1lJdYqgR2WPAwM
Tip Toe (feat. French Montana),0TY3jVGwGDwDabLyQLVRQQ
Domino,6MAdEUilV2p9RQUqE5bMAK
How Can I Forget,6TK8v3cAfA1XCy6nZ1JOMe
Perfect (feat. Haris),30cW9fD87IgbYFl8o0lUze
Mala (feat. Becky G & De La Ghetto) - Remix,2uib8nytX63WABzJ3KJYYy
Creep (R3HAB Chill Remix),7DRdeWi12hITQSrDTHHEvp
Too Hot,3RceLAxBxCr8HihEVC24K9
Crying in the Club,1SJtlNRJDeYHioymcvsqev
Hate You + Love You (feat. AJ Mitchell),7DgkSYT6vh3UAYQlFbsj6z
Mama (feat. Ellie Goulding),3WDIhWoRWVcaHdRwMEHkkS
"Iko Iko - From ""Alvin And The Chipmunks: The Road Chip"" Soundtrack",6beSXVbbvppuDsgD1pAZuG
We All Move Together,1RNwFWusQOwMbMd29tttZT
Keep You Mine,0OJN2A3Qyvd7pwSF0AIteC
Riot Maker,6nU5YHmm88HuVfpegW74p7
On My Way - Da Tweekaz Remix,4Sp0jLZN8MgPnoGDufJS7N
Can't Stop Dancing,5NetSTs4dgiR6GLrZOQcwJ
Chop - Oomloud Refix,1i5DCyqyCB0IAPKtzq1iK5
Ooh Girl (feat. A Boogie Wit da Hoodie),1mKNyZCNDueEASgBgZuLdA
Rose Coloured Glasses,4MvWxdqzKegz0jr8DhzJNd
Underwater,3c9IKwzgIPcCweCl9so748
Come Back To Me,55r33uTqnLglVMHb1qeWOd
Skin,299GkePhIW0lHWwcdyCsT9
Booyah 2018 Remixes (feat. We Are Loud & Sonny Wilson) - Breathe Carolina Remix,55Yq2zMgu5UkVslZFgygWS
Here With Me,5LrN7yUQAzvthd4QujgPFr
Alone,1Uss8Mkb9ce4oMtI68JYna
The Girls,0x2GjJRg2nqYixOcdFx3c8
"Ep 7: He Asked, He Died",
So Sick (feat. blackbear) [Martin Jensen Remix],4j1fFJvUcQxMrLEMBHV9NQ
i miss u (with Au/Ra),7CH8J4ulT49UfZwSDSkSZA
Blind,0VjIjW4GlUZAMYd2vXMi3b
My Own Dance,1JWQRZr8rlmTAb74rFBUO5
Change,4cBlIM5AjnQ74f52Dv7T5K
Love You Like A Love Song,0laYHRpNTS6i8FXdupHkJ4
Never Really Over,5PYQUBXc7NYeI1obMKSJK0
Thai Massage,0NPgN33t7QlDKB5Ciw7CZJ
Oye Mami,3YWYtU9jDCUfOOeo7iprbJ
Ep 1: Too Close to See?,4JCFLDaQ1rqDsexY7ihJuU
Hands,3J5Y7xgF26vz8Gn4FP8MDV
Love Me Like You Do,0Cy7wt6IlRfBPHXXjmZbcP
On Accident,2ZLQKqnGdFRf1I477eP1e1
Feel Good (Summit),3YQc51JSm1HUAQrRcLSebk
Trombone,3vYP0NDCcoPiUHpmtq9YIq
Hotel Room Service,6Rb0ptOEjBjPPQUlQtQGbL
Standing On All Threes - Kav Verhouzer Remix,6LSy1ZXUqMnqkgjpqfmYKQ
Babylon,6Aj2H0Z0v0JgnSfPEwCgW0
Beside You (feat. Georgia Ku),6Tdy6tOHVEyBmlObZpGJJc
Savannah,0ZdUHFxifUJNqo7G4aJzoF
Someone Save Me,7Hhyd8Qcm5jMDvj1YCpMhW
Strawberries & Cigarettes,3afkJSKX0EAMsJXTZnDXXJ
On Me (feat. Ava Max) - From 'SCOOB!' The Album,4ejNoyrhgjrioqJbgTNPu3
Instruction (feat. Demi Lovato & Stefflon Don),6yf3MxEOScNBTYCHOAIiNQ
Say It All,57CyqjHnj1E9dNysbxLysv
If You Wanna Be Loved - John Gibbons Remix,2p2GsIcE2GK25ysS0xDY6V
Want U Back,6E11E0lT5Zy7yb6iT3y8DN
Keeping Score (feat. Kelly Clarkson),57KKY8gqUqqS3YXYotkxS5
Anti-Everything,0JM5vtH3ZpJh97iWc6yvca
Girl in the Mirror,6t0PM7tXvdqEHKYHtEDl5H
Write On Me,0UnhE0UhBTBwtnzEXzP0it
Scars To Your Beautiful,42ydLwx4i5V49RXHOozJZq
Say My Name (feat. Bebe Rexha & J Balvin) - Lucas & Steve Remix,3TjLsDgL0bTbSQIF6M5Ki8
As Long As I'm With You,5LrN7yUQAzvthd4QujgPFr
High On Life (feat. Bonn),4ut5G4rgB1ClpMTMfjoIuy
Just a Little,5iJBSqkhsFSDyvcUxViHVW
Confident,18xfL5bAbwy1IhIOaaHf57
Head in Her Heart,2qCwjPxyVil3B9q89judKW
"Geronimo - From ""Alvin And The Chipmunks: The Road Chip"" Soundtrack",2bCBowfjQbsT6jXEqpGqDx
The Bender (with Brando),3INNLgKkHn8HOodDulCd7x
Too Much (feat. Usher),39umHdGKfpnjY4TFtnoQ51
When You Leave - Breathe Carolina Remix,5y8Yvxc2Y1gIBSQCwlSh0p
Lay It On Me (feat. Keiynan Lonsdale),2ToM5oaSSOQjgaMogZncaE
DAWN (feat. Totally Enormous Extinct Dinosaurs) - Hayden James Remix,56TRkdp1HtLVtNuX8P3QbB
Liar,0llPOBVoJYDAtdmVlNE41A
Sugar (feat. Domino),66TGmxMP0pizfw08yIulCX
THE END,1u8esuXKqxbKsleihNp7wo
Hooked,2N2s2s2w0jmSIPNZcm8Jnr
Call You (feat. Nasri of MAGIC!),1gdMKFGWrI34ZTO8k7Hfg6
Out of Love,4WzhjxvLP95y7AMDy0Atwb
"Let Me Go (with Alesso, Florida Georgia Line & watt)",5Gu0PDLN4YJeW75PpBSg9p
With You,5uuXtfqM7Wp3idCxyHeOll
Would You - Acoustic,4ArOchMBMKfCPpjGYb0TdB
What Was in That Glass,1r9ecngPLiwB5J06DWH4Ts
Downstairs (feat. Jaquell),3c7P6aEGW93f44hyXa85Nt
Cheerleader (Felix Jaehn Remix) - Radio Edit,023OVLNzXhX0j7CxswUt6D
"Yeah, No.",5ZjQpx5kR6lBzZytzy0G7W
Post Malone (feat. RANI),36orMWv2PgvnzXsd5CJ0yL
OMG (with Carly Rae Jepsen),1a0M7E4aQgkMkuwpjnX9Nr
Stick Together,00IO2m0XxxDJ2ncBUvEvBR
Trailer Season 3,688QB8UpHeiC8IvsNcHDO9
All Men Are Pigs,3k480WGdh2YXz5Tq94LKt1
Faith (with Dolly Parton) [feat. Mr. Probz],35MKhw2YBKApmD7fAnPERC
GRIND,3m6HMeFX6GIlGPMBcLEN6t
Cry (with John Martin) - Majestic Remix,6ZBCtmCYtREHrlPJ66VjML
After Hours,1OwKdSEkvIHlmp07Mtv43V
I Really Like You,2hHLbkatPwOOmrNxTiD41L
Touch Your Body,2FabnqpCzc59bbFo5kw4IF
Why Don't You Love Me (feat. Demi Lovato),0cEBv7oJxFp3bfTFqWFI0R
Put Me Back Together (feat. Kiiara),2zLIP4R6Yt3afkyh7uhmar
Zinda Dili,1bG6F7k2lPzvUCeAsj5Q0t
I'm Crazy for Love,1me279fqNEfvXy9aIEzdgh
Penance (Part 1),2ivpFknlSbJ0vxLLEIhnmm
Too Much (feat. Timbaland),2bkNIMseHRfLidQqpXGsBx
Reggaetón Lento (Remix),5YH1A3YttSay4lgAR75tk3
Out My Mind,01UeBfllW39eaKdiCw556R
What You Want,20dHeGBOEZZWYMAn8ZCMXQ
The Bones,7yFhA2fUsL2oIMWlw5DaHQ
MIA (feat. Drake),3Ueq2zboxwAbsvHrOjdEqz
Tinted Eyes (feat. blackbear & 24kGoldn),6Cg8d5DzpKHGci9SPk8JeL
Born To Be Yours,0WVAQaxrT0wsGEG4BCVSn2
Bad Water,0LkeBOKvMM9ecRFQ9ixPz8
Youngblood,2iUXsYOEPhVqEBwsqP70rE
Why Don't We,2N2s2s2w0jmSIPNZcm8Jnr
The Same Way,4HoEU1t49bU5JuqaZXQI8v
Perfect Crime,7HvQx7pZql85Id32CLgpx0
Glad You Came,3AGOgQzp0YcPH41u9p7dOp
"1, 2, 3 (feat. Jason Derulo & De La Ghetto)",4QtiVmuA88tPQiCOHZuQ5b
Sunday Morning (feat. Josie Dunne),7dhyhMtWWJNYWmE4N5XiEA
Feel Alive (feat. A R I Z O N A),3YkjO4AGex0WdxDansILAy
Paradise,1LLkFWBrQi2rJ3BdNsNc6N
Call on Me - Ryan Riback Remix,2L6orAlH8tBhiFTumIfMyF
Dreams,0wf9rSX8ds3yEI2gf2QdPs
If It Ain't Love,5YHR8wBR5jXfGtP766NiAT
I'm Going Like,4o7zeDjEoPALOH9ZN483Oj
Only Want You (Martin Jensen Remix),5dC3Cv6uGfyr16zJtr6n1n
Left to Right,5Odq8ohlgIbQKMZivbWkEo
Llama In My Living Room,5OYUtKjALXnNjXRwTVStCK
Family Feud,46i6pyJSyfcyU265SSgv7a
You Broke Up with Me,5jZF1nvKORdaHNjNNMRbFl
Bom,6ihzpb4wOYkZut6iEC1MHE
Nothing Really Matters,4fGbdX3qUTOS8Kpsc8hQT6
Chopta,5nu9uBCfwGvDc5fwXwleJ2
ILLUSION,5q0EXnBYyeCdXD72FzJxH0
Coño,5DV4ZSCqbFv74ui3ZhimXo
Automatic (feat. Jake Miller),6oAwQp0fXsZObpl5PLl2GN
Hollow (feat. Sabelle),7p0nLpkKaAeebJ1SIP46HM
Mamacita (feat. Farruko),7iwhbx1YQcQ675DTj6AmAb
Fly Away,1OxcIUqVmVYxT6427tbhDW
Dandelion - kuriosa Remix,0s676UoUk930s7pVN3GSwy
Woke Up Late (feat. Hailee Steinfeld) - Sam Feldt Remix,7rpyHKSH3dkrsKEgv1eNgv
LA & The Parties,4BX9utrulgT68sAqwWjrkZ
Monster - Robin Schulz Remix,4tknhO5RmXIxnpoipMKBmG
ILLUSION - Acoustic Version,6hD84kiPi80OsWfiGITkNE
At Least I Had Fun,7jqXDgGWkV4w2ctdb2g59o
Shivers,50nfwKoDiSYg8zOCREWAm5
Tick Tock (feat. 24kGoldn),27u7t9d7ZQoyjsCROHuZJ3
Choose Progress,1yZ73to1kiMtsu2iz5v4NS
One Shot,15ZNcgzsiiSrLQAGzl3le9
Problems,4AtZRwSR8BOTTQg5ihSggt
Smile,6wQlQrTY5mVS8EGaFZVwVF
Natalie Don't,5CO4uJ11ZVKhsO2Lu9NUSk
POWER,2gZUPNdnz5Y45eiGxpHGSc
Hold Me While You Wait - Acoustic,2NL3mpVXdEJD6RqKZxYWl3
I'm an Albatraoz,5MhsZlmKJG6X5kTHkdwC4B
Working For It,2HJQcyUpmUuvzS5vBAICIc
We R Who We R,3LUWWox8YYykohBbHUrrxd
Watching You,5OusUgzHz6Ulb3GZT7WUo5
Thumbs,6WC5fhc9XMaCrUNKNjm9xE
Make Me Yours,2u0TWxcEOhIwSzyIAwxdIs
Glow In The Dark - Karaoke Version,20sV0RWyedv4h7PW9KdAAQ
Never Gonna Regret U,1BH2ueVxuOH65k12kAg2Xa
Giants - Sam Feldt Remix,4LEDS5UFnceC7u5B6K0D9A
"Gone, Gone, Gone",56sxN1yKg1dgOZXBcAHkJG
Antidote - Radio Edit,38G32c3uJeFucSYweZv4pI
Outta My Head,3NcheXileql4RI8n6sLumL
Crush Culture,2sHwSBNDZN2yjCtgwStYt1
Vacation,66c255mTfkj0YpWf8HWE25
Unconditionally,009ImBOrIUlWgla8U05RAC
The Whistle Song - Re-Directed,6wD0LWjn3WZMdLqatEc5vM
My Head & My Heart,1KixkQVDUHggZMU9dUobgm
I Wanna Know (feat. Bea Miller),18W92Zm1KjLCbUIszOhpkD
Maria,7E1dQbOk1qcx9gEPUMBKsk
Lego House,5ubHAQtKuFfiG4FXfLP804
Ocean Drive,0b6wdul3A5sQNpIOv03OxP
Frozen,60No1rVevpihXdUMgUoIf4
All Day And Night,33CfD8UkDEcSdAP9j4QpUY
Body Back (feat. Maia Wright),1z1XegUChLLQfcbtIK8ABn
Whatever It Takes,6Qn5zhYkTa37e91HC1D7lb
All For Love,7lqsmY0ifoZsqBU6DpbCIq
Distance,2apZN1t4kvDrpSclDqOMce
she's all yours,50p8v7PAXUBoD5MzoZdr9s
Girl,4esOae7i4rqTbAu9o5Pxco
I Love You's,60todhJq1ScRkVxFvXTuZF
Face Up To The Sun - Acoustic Version,2NbuvMe9jqYFWZbXsKqwnu
Now and Forever,2V2pxcEfn5zs79sE7qcewA
Lose Control - ChildsPlay & Badd Dimes Remix,44Fy9nmj1bBh42WviVea0m
One Whole Day (feat. Wiz Khalifa),6zziOt8Uuv4FLjl8GaqlEM
One Night (feat. Raphaella),4QUA94c3ycZm8dnpPih4sf
Starving,4Ce37cRWvM1vIGGynKcs22
Wish I Never Met You,7MOjhqpSpGkeRyT4agpg12
Cannibal,3JTMWdhcJPiegDSe7SvZS3
When In Rome - Mark Sixma Remix,76kkAnqj73aaP5xkrfpWb4
Underwater Love - LA Vision Remix,7L2lhosR2K7iBRb2yiTVRV
Just For A Moment (feat. Iselin),24FFOpCA6bc5YoU2F3TKqS
Golden (feat. RIELL),6FE9Cfmoq6j5fAp8WsXgxS
The Harold Song - Deconstructed Mix,028OAO2DrIrxjZDDQpfCQt
Started,5DI9jxTHrEiFAhStG7VA8E
Night After Night - Radio Edit,6L5oimyAoXuIb1GL10Oloh
Outside (feat. Ellie Goulding),7MmG8p0F9N3C4AXdK6o6Eb
Love You Now (feat. Georgia Ku),5iXiXXgQU9SkVwdCO0hdZE
Ep. 5: The Lady of the House,4YQd7F0cSF4rFt8QYKK76Q
Never Forget You,6hmhG1b4LEyNuashVvuIAo
The Best Days (feat. Tabitha),140XpWSdJ0jZEbLj9iVnPA
Hoemita (feat. Lil Yachty),22J38a2qjT3szXDrPCbe0a
One Call Away,7soJgKhQTO8hLP2JPRkL5O
On My Way,4n7jnSxVLd8QioibtTDBDq
The Harold Song,7ySQMmekH58Y7Vn4InRG7r
Boy With Luv (feat. Halsey),4a9tbd947vo9K8Vti9JwcI
As You Are (feat. Shy Carter),5T5X1awq0Tzg0NgQ4bSVAE
SICKO MODE,2xLMifQCjDGFmkHkpNLD9h
"Me, Myself & I",40YcuQysJ0KlGQTeGUosTC
I Won't Let You Walk Away - Lost Kings Remix,05KeRMxuutPAe5JOVlzZi3
Natural Born Lovers,5vfJeS5sIkvmsrhOXnC9Pk
Skinny Dip (Komodo) [feat. Philip Strand],79m1I109FyZMx3VwQZAEQM
Happy Where We Are - Axis Remix,6xgfvpsaa4uIy0LzDpzXK6
I Don't Care (with Justin Bieber) - Jonas Blue Remix,1VYj8u5I4L5Xl21zQiQMx7
drivers license,5wANPM4fQCJwkGd4rN57mH
Better With You,0OPIBKjAYBFzNpo1HzjqzQ
I'm not Pretty,2ePiBvKtQOCBHq9uOlwiiU
Feelin' Myself,4pOwXHMGYZbsXQMhYnetHG
Cheerleader (feat. Kid Ink) - Felix Jaehn vs Salaam Remi Remix,1GjEZraby4E4hevkpItlok
Messin' Around (with Enrique Iglesias),2moTY9zKAZkRsODU4TUXY6
(Not) The One,0pCfUWRYAjj2WoaRlr3wuE
Dance Forever,3dryLzQenLC9rTDpdsq7j0
Diamonds - Acoustic,4y8OZW2dyWRobsi2w0C64W
Que Bailes Conmigo Hoy - Don't Wanna Dance Alone,3CzMSti7D2H1kyg4SzJHLD
Cheerleader (feat. Nicky Jam) - Felix Jaehn Remix,2Pc6PwPhcIThcK34ElYJri
Carry Me (feat. Julia Michaels),3FZEv9JddkjHNFiMVxJYpS
Love Not War (The Tampa Beat),4Lt6GXGzYsa1tgkv3nGSTm
Only Wanna Dance With You,5unvfecPlWyn1NkFpf5YvA
Rave in the Grave,3R1bUwe5mTclpush3T5P0a
shut up,4kbj5MwxO1bq9wjT5g9HaA
I'm In Love With a Monster,0hO71r8vbnrXSaXVrR9ptF
Fast Car,1Lo0QY9cvc8sUB2vnIOxDT
Let's Get Down,7qdo6JOOaaY9LadOAhfXq7
No Judgement,2sGF7DBXvL2GjkbG606m1G
When You Look Like That,35sFGUnvLP2LPHzmdwsq40
To Be Rak Su,2egKQvoHiCJyHXn8lRlsrl
Lovers For The Weekend,7FvfODgUxsxQNDaYDEboIL
Oh My God,3Kkjo3cT83cw09VJyrLNwX
Pump It Up,4tcPIwy0UvLYjhXLrMyx89
Love Me Less (feat. Kim Petras),3BaqaNqlr2BAOgtmamDqSV
Mamacita,3ygjvFPRKBEhG0sjUsBwuT
Christmas Time,7LoFMtL7hxP9tr5HYyyUrJ
Weekend Vibe - Alle Farben Remix,7KQsodQieHLjpQVowtlIKt
Never Change,36DOdbccyyxFwdFLrZ2Kx6
Life Goes On,0eu4C55hL6x29mmeAjytzC
Can We Go Back,3bidbhpOYeV4knp8AIu8Xn
Bad Boy (feat. bbno$) - Low Steppa Remix,0iorfThvp0sgwOB1qcZDk3
Introducing Solve,3h0eCyHnNrL9Mymc5Wryxj
Lying (feat. Lil Tjay),6x8V3kUNlhVbwRbVP0QeSS
Girls,3Fra5SMXXDTSRXVoDf8Xwd
8 Letters,4zRZAmBQP8vhNPf9i9opXt
I Miss You,1oTo3ijRbaDAtrjJrGAPSw
Dancing in the Moonlight (feat. NEIMY) - Nathan Dawe Remix,0sMq3oIACSgdRLP5tacsxO
Raising Hell (feat. Big Freedia),14wPnCr1Z8CIHBVpnpcTVt
Embrace Your Life (feat. Alida),3GAw8rIJkfzy9JVlWDhOju
Complicated (feat. Kiiara),1Sl3njkhhz8nrSPZroDQ82
Endless Summer,2DVvsgWrZ4rUjupdRGYEXK
Want to Want Me,7oGZAicScQt96OAW4AruYy
Keep It Simple (feat. Wilder Woods),58fGC7ZRlPhW1J7kLx1goK
Santa Claus is Coming to Town,2QpN1ZVw8eJO5f7WcvUA1k
Lasting Lover - Michael Calfan Remix,5Oym6wBix2J7pj1VJ8sj0W
Let It Be Me (feat. Ava Max),01qMOMudbkIHZS9BFPUGNk
"Cool (feat. Marc E. Bassy, Gucci Mane)",3Ij7tqW9jVJ41dG06MZkFU
Post Malone (feat. RANI) - GATTÜSO Remix,6b1RNvAcJjQH73eZO4BLAB
Ones You Miss (Acoustic),62SkGDuBT9YGE11bLCuSJl
Échame La Culpa,0mlAOSILGRys2IbvyOT5VJ
Perfect,0tgVpDi06FyKpA1z0VMD4v
High Hopes - Don Diablo Remix,1FlIzyCvRFQUE4pc7PiaIo
Don't Cha,1gZ7i4qxXkHZb1r6eioaAP
Ep 4: A Festival of Death ,12q6pM7FJ8L9jNUefjnm3m
Stitches,5jsw9uXEGuKyJzs0boZ1bT
The Woodchuck Song,265SFiKBPvo5ojatV1egRk
That's My Girl,2ACOWPLUe4A4KuQ5ioD2od
Weekend Vibe - Kokiri remix,3m4Mp5cF3BVijXkXEYrm57
In This Together,3aN2V18W3EiW7eg5tHALpF
The Power,2cF2KO5fdHfoUBo4DAxO7L
Happy Now,4keoy2fqgwGnbWlm3ZVZFa
What I Like About You (feat. Theresa Rex),4NSW0Km5ZG60L8FthUebPJ
Swalla (feat. Nicki Minaj & Ty Dolla $ign),6kex4EBAj0WHXDKZMEJaaF
Ain't Thinkin Bout You (feat. Louisa),1tjxQYoB2OS2fRZS43ODLQ
Dance Monkey - Stripped Back,1ooBIqsmV1ocRldBZrvLPD
Like It Is,3frUvGrmGcay91lvFbOgsN
September Song,0zbzrhfVS9S2TszW3wLQZ7
Stay (feat. Karen Harding),7eNF3i7lHKtRwlvMfbNu9M
Mean It (feat. Wrabel),6jmTHeoWvBaSrwWttr8Xvu
All To Myself,0lOQaZwX9AkAiSvObh4G70
My My My!,0Z9FRM5zukGVagh8TVSdrI
Dinero,3ggtU1ZOKO8ZNiqPNyXGcm
Rude Hours,5Okihfwvzflkl37VsEJfXV
I Love Me,2IHLaN6wwYKQ3S24NsQqpA
One More Dance (with Alida),2aOK6TRYn4DneIBHJOAQ4r
You (with Marshmello & Vance Joy),1GkHyypTFkUf0QQKwYoXH4
Stay,5HCyWlXZPP0y6Gqq8TgA20
Take It Off - Billboard Radio Mix,7IEgvGUnWQLFLbuJYiAJAx
Goodbye,2Ek6vXzVHY9qWvkAy4OUQR
Perfect 10,2MolFsdE7ydCQQgsmfvX6w
like that,2tudvzsrR56uom6smgOcSf
Chasing The Sun,4b4c0oH7PtrPsI86drzgFs
Instagram - R3HAB Remix,2UdCIrsZR9bw96kcLAyAyh
No One,3PyzWG2oM9PynjZWxDfKAZ
Alive (feat. ILY),55Tom2dk5sMx1UTJPiTUbX
Day Or Night,090aJIP3mxQVhpwS01j4ya
Be Your Friend‬‬,2mSIu1ZPo22Ihx3EwS4E6h
The Rat,2YIOkqKgg3jZEFoL5qcEPT
Live It Up,0sa1kd1ZDMHopmdY66GcOQ
Fuego (R3HAB Remix),4WqnZokUoswiqEmGadvXlu
Boom Boom Pow,3opVsyWVYEAFK9bJAG8Opa
IDGAF,4ZUpTMKPYFTfJqamWFU9Zv
Best of Me,7zv0i1f8kTy8hPapkm28kz
On Me (feat. Ava Max),7k6tAZp4m93oswrPqSfBbc
The Middle - Acoustic,7HJmJYQqBq2tn7RleFlun5
Flexin and Finessin (feat. Juicy J),63TrLJ1d8Bns8Ckg21Enw7
Cloud 9 (feat. Jeremih),0QDWjstXi64Xsj7yReHc3l
How We Do (Party),5zBDg6Pp5LFyhaSCqm3p5d
Messy,3SKH53SPQbEnZR4cJPVaz2
Get in Trouble (So What),5KC7ginqShi7mhDQLttQh0
Greenlight (feat. Flo Rida & LunchMoney Lewis),2q95XoeFGixx8b5LNF6Ey1
Road Trippin',7Gpr3kKk4BMgItz6UbI73q
Some,3WMj8moIAXJhHsyLaqIIHI
Jadi Buti,1kGL1Mt8kNNhZDZwCocBBF
Home,0OI7AFifLSoGzpb8bdBLLV
Long Way Home,4EdmPe0XMRaqVObQ6BuvXc
Home Now (feat. Alida),3CIKJbAJzdOd9ahHxoFD2n
Don't You Wanna Play?,2L9OjoIbnI4bDUabsnTGlk
"Sit Still, Look Pretty",6w2rrJsn8Qpa7veSaVAyKh
When In Rome,48p5E25cFPanxuwCTmTpuL
Body - Dzeko Remix,3ATwxbyPDsZWvlBdnyKNPQ
Way Back Home,3NxuezMdSLgt4OwHzBoUhL
Blow,3pYDZTJM2tVBUhIRifWVzI
"Read All About It, Pt. III",0FRcdft6ABgbT1fX6smwkm
Easier,2bjUEg4jBtKBlPdNrTAppI
Thorns,1zUqoSVqUE2O5x3MJ0mHz9
Chapters,4tQhxBKakIwoWZ7tuGBr7d
Lose My Colours (feat. Sam Martin),6ZT3p9zaO17gyTW6T5UTDW
Genetics,59F7idTDMJppMZgR6YFy4P
Sun in Her Eyes,3wz2dLhHFuhgXBDZ4cDqy4
Instant Moments,3PHDOxTRQUYYdcSeqekCWv
All We Got (feat. KIDDO) - Ofenbach Remix,2rUsJXt4NeeDiIU6sBvrxo
Dance To This (feat. Ariana Grande),2NjO87HyT80fsgejd3PLYW
Cold Showers,3pBLdDoPY9yRibQ1irnjTX
Wait,3RxAZyf6Ug3rvsoBOskOl4
Someone Like You,1zwMYTA5nlNjZxYrvBB2pV
Daisy,0AUvWawuP0ibk4SQ3sIZjk
Don't Let Them,65fge3h3QefDDS5YMz37rv
Beast (All as One),3wSrPtJpnGaUC2hOmJy0BV
Weird Inside,6gyeaab6u8qGxz1nbY4Jjh
Dear Society,0Es6dDXHGqqQWoA8tlK4LG
West Coast (feat. Quinn XCII),4VZlXx05loUmppWMqHFzt1
Talk - Alle Farben Remix,06BrHnTVDOydsfg0LZ6mQb
Comprei um Lança - R3HAB Remix,5WnhHS07vDSPJIRo2pteyF
Found Love (feat. Lovespeake),7EHCt2jdVwHp557sfMPosf
Sweet Creature,5kRPPEWFJIMox5qIkQkiz5
Family Values (with Nina Nesbitt),2BcjI7yVJQHZqSoHh225eb
Miss Me More,5NfJGBAL9mgFPRQxKJmiX2
Going Bad (feat. Drake),2IRZnDFmlqMuOrYOLnZZyc
Too Late (feat. Wiz Khalifa & Lukas Graham),6Q0cy1jCa8EpvT6hd9rrs9
Ep. 8: The Sweetheart Deal,15VB3PsLElndOIKy1ArHJs
Electricity (with Dua Lipa),5N4erncE7kuUccm7zEmwzk
All Night,0dXNQ8dckG4eYfEtq9zcva
Rotate (Clockwise),53vkuKvvsp0sMrZF44vHWM
Lightning In A Bottle,2GiJYvgVaD2HtM8GqD9EgQ
Cradles,5sSYvDVyP0CP9TUiqy3fuF
I Need Someone (feat. Nathan Ball & Caleb Femi) (Alok Remix) (Edit),2SRXYw6xqVQvtv9uFZlnvI
American Dream,3JMAdPq5TUOKBGsTATjLEH
If I'm Lucky,6fEonsnOM8IiqFDuiqukMc
Tú Eres Lo Que Yo Quiero - Better Together,24GYqzh2r1lxCjxlAvs3PE
My Love,4NeOWqHmlrGRuBvsLJC9rL
Rendezvous,0MxGwcdb4Ms0U7DvkJth2q
First Time - Disco Fries Remix,7FcT9XALvaUrqYm96ubb3b
New Me,5ZSbOZAsbOWi7DNfpO1vqG
Don't Leave Me Alone (feat. Anne-Marie) - EDX's Indian Summer Remix,1mC2UjWt25Oixtqu7C6suL
Watermelon Sugar,6UelLqGlWMcVH1E5c4H7lY
Dive,51ChrwmUPDJvedPQnIU8Ls
All This Time,0WLWoJc7VqyICKdVrR6jCd
Take Me Home (feat. Bebe Rexha),2zMXH5k5NZy1Nw460bLvRh
Animal - Billboard Remix,6GiG2HRWj1Uvf0XFfILh96
Helt Ærlig,00NVYE5PrMpR1gVlC8zPZV
The Heart Wants What It Wants,6wJwkMo278iWVlWl1XQ4WA
I Know You Want Me (Calle Ocho),5RzFJd6W40SDTyZkX6xx45
Dimelo,6Xi897JXNLSoIaoYZwgTLc
Slow Dance (feat. Ava Max) - Sam Feldt Remix,2wenGTypSYHXl1sN1pNC7X
Rise Up,0tV8pOpiNsKqUys0ilUcXz
It Girl,5a8z2vyIDKMh5qcRG6w9wu
Jump - Original Mix,1kIu9zpYtWjgrLlsactlna
Insomnia - King Topher Remix,52Y5nYBQgqawttJxxtUv1e
Checklist (feat. Chromeo),3rT0YIyiE1n8JAUpBCUudE
Everybody Talks,2iUmqdfGZcHIhS3b9E9EWq
Right Time,1uk0BgTF1QWpOpUuEyFbo3
Tragic (feat. Amber Van Day),29W5NNWGKY7ednK04SkZsK
Remember (with ZOHARA),3aFxfpfeATHYg1n750dhgq
Rewrite The Stars (with James Arthur & Anne-Marie),6mQLN3zRtAp6ovjusyYKrV
So Close,7FjZU7XFs7P9jHI9Z0yRhK
The Last Time,0y6kdSRCVQhSsHSpWvTUm7
Freak,7EkWXAI1wn8Ii883ecd9xr
Castle,16w8ZGVSjI4TlTLV8VimBY
Masterpiece,3c9kVsKF68xMzlS0NikVn3
"Alone, Pt. II",0bMbDctzMmTyK2j74j3nF3
Heather,4xqrdfXkTW4T0RauPLv3WA
This Feeling (feat. Kelsea Ballerini) - Afrojack & Disto Remix,1zZ8DfrLf4fQgARxIKOs20
I'm Not Sorry,7AoK7YuZ5sQYtPofTFElIE
Moving Mountains - GATTÜSO Remix,3qBnc1nWty6LjPIjXuAigw
Higher,1ZozJfi8u9cO2Ob8KwiwNT
Dream Glow (BTS World Original Soundtrack) - Pt. 1,0GjWvVr7TZzceNwdSDRuXy
Strangers,5mjYQaktjmjcMKcUIcqz4s
My Way - Marcus Santoro Remix,4j5oym5wl44NwTOVT9ERhS
Blank Space,1p80LdxRV74UKvL8gnD7ky
Find U Again (feat. Camila Cabello),1HpzOCZbNWzxvvXfSGtSrX
Princess Peach,4w9soAM7IrmYDhSXLp14p6
Get To Me,293vVyI6NaEAg9cEklprBt
Wish You Were Here (feat. Brandyn Burnette),0GevQZGBPYjfPzK8e3jxzl
Nightlight,06kxa3al7bUqRRo5nAFduZ
Middle Finger,5io1ngnNKAqFziQjdtzKGi
Show Me Love,4t0UsYzmmmZRMTWn77jiGF
Fresh Eyes,7gm2omqXDTaT4sS17hSu8T
On The Floor - Radio Edit,0Oe49j06Bjrxs8PltuVeaW
Palm Trees,1h29y63PqkBoEXbyiumalC
Bad Romance,0SiywuOBRcynK0uKGWdCnn
Dancing In The Moonlight (feat. NEIMY) - Tiësto Remix,3dgVBgrgHLzbhAYepa1V1V
ME BECAUSE OF YOU,0PKjvdyNNzkmhtBR4vBsrT
"Carry On (from the Original Motion Picture ""POKÉMON Detective Pikachu"")",3y3brCCecHC3Db18aIOnny
Bass Drop,5uPfH3O5bAIABrnMWkEiNG
Homies,5WuvsVJcKm6Gr8XEFBbCeB
Echo,2GZpe5Q1JLrD0vQGlcxGoK
Standing On All Threes - Boehm Remix,2S71iwV02BtIA7xOlj0ccY
Fighter,4gi2kndWShH9kDbb9kBfs6
Blood Ties,5vIKEqEWmwSD7fRAnhDh5e
love u again (with R3HAB),1raVCSLFrefcuDAzPBUoYJ
Leave Me Alone (feat. George Shelley),2J1ZxMyu3cWJxddF8pk7fF
Body on Me (feat. Chris Brown),1Bjpfvw2dhivyludgB0fyt
Not Important,4idQrHSD0CPe5jHrPcEHNb
Lose Control,6usohdchdzW9oML7VC4Uhk
Lies (feat. Luciana),0CNObSo2AxRZS47CGz755m
Can't Help Falling In Love,0pYDUAXXUanILl4FrDtdIt
Still New York (feat. Joey Bada$$),6EIAHyD9gIDnz2hvEynZJz
The Happy Girl (Part 1),60ut42dYikYXfCZQcvVXYV
Favela,7hdv3Ld06hPU8C2gej3nAp
Miss Movin' On,0gL0Xf8CN95HmgfEYYLRZV
Por Favor - Spanglish Version,2vHDurkzJ8dhCzoPzqiE2C
No Way No,5xHooj89TQoQHj3dALvSh1
Vibe,2sFFIulIdZTLo6HEw3zALT
ME! (feat. Brendon Urie of Panic! At The Disco),2Rk4JlNc2TPmZe2af99d45
8 Letters - R3HAB Remix,03enfjB0Jop0kRJx8AODM5
Rack City,7rPLYmabWMobWhoIqZe6rh
Harleys In Hawaii - KANDY Remix,5EECgBC0NjIaUd8ke9YYTo
Finding Our Way,0Uc2Bg05ybIP7eMu2U73O5
Dance Of The Swans,4VGwTsQedDZ2Fm7LIEnnkA
Never Been In Love,1SGKS88Sholri5uJHixsiP
Don't Let Me Down - Tropical House Mix,0ycVaIaqd6xgDOnqr5n2fR
Zurna,7CGB43FkEomSXAtnTNLC9n
Ain't Nobody (Loves Me Better) (feat. Jasmine Thompson),3c8iiZGfEammKJuWTErE5x
Hometown,40sRwFjfrRnaTdYPJIg4CP
Trumpets,5KONnBIQ9LqCxyeSPin26k
Runaway,3DK6m7It6Pw857FcQftMds
With U (feat. Karen Harding),0RlRoQwro0aIKMJct9TKTW
Dancing With Tears In My Eyes,1lWtt6T1RiLUrUnGCp2Yci
"Baras Baras (From ""Durgamati - The Myth"")",1Qm1fTU7WTJ6LD076ntftt
Heart to Break,5NdYqiRuJdRIyHZU0OIEYy
Never Our Fault,7fdeN1eRItsOCMVgxeEf03
I Want It All,1nsFPTltzIVUJMWynPddpO
Your Love,4L2hHV6U6LlQoNlxriQiBW
Question,6y2DHyCYf6azhUfXmnuH6w
"Uptown Funk - From ""Alvin And The Chipmunks: The Road Chip"" Soundtrack",6O5IJlhJtlgKMoNFzinZgY
WOW,7xQAfvXzm3AkraOtGPWIZg
Slow Grenade,5z8uLrYMcUVvzTV28twt44
Na Na - Tommie Sunshine & Disco Fries Remix,2BnQGw8KVeKSo9gpUOmFMk
Wish You Were Sober,0kn2gu8Pd03DiYHzRvX2Xk
Just The Same,593gJ3mb44oBLSAezl2UkQ
Party Never Ends,7MEVuPXg9DMA8IHSkRbmXu
See You in Austin,3xIkW2H9e6y885XaO1TPQb
Sleep Deprived,7xdyIjQ4qX7iSL6E5qqyHX
Rain On Me (with Ariana Grande),7ju97lgwC2rKQ6wwsf9no9
Be Kind (with Halsey),3Z8FwOEN59mRMxDCtb8N0A
Last Hurrah,0i0wnv9UoFdZ5MfuFGQzMy
The Word (Go There) - Original Mix,5FjbhxYZ0zrMSTZEsczC91
Believing In You (SLCT Remix),729IGbaakhpRabhk5JEa8S
Backseat Freestyle,3aGibUHhQyBsyumYHylw0K
Monaco,4MjDJD8cW7iVeWInc2Bdyj
Sad Songs (feat. L Devine),3JsmrruMp8AWcbEZ4342JY
Down (feat. Gucci Mane),0XQHz5C8PknyrEhyrKxVKa
Odin,274g0w6437QgHfyfUdc6Ak
Hate How Much I Love You,7iu0WYLdo4yksKf3seaxzI
Shout Out to My Ex,0ErK6K0kYr0Ow2RkPMhmMs
Love Alone,1Cy68FgPubKQYj1Bbv9C5q
Troublemaker (feat. Flo Rida),6s8nHXTJVqFjXE4yVZPDHR
Round & Round,5RhxBpoCwX2vLBcSJzYa5j
No Remedy,0vpawKw0jXvUCbHAGUXDGj
Say It - Illenium Remix,6ok03Y0wtCsaonlIuxAILR
Sweet but Psycho - Morgan Page Dance Remix,1gwwks3lIsvJq5pDJ82fKK
Adore You,3jjujdWJ72nww5eGnfs2E7
Drivin Thru the Night - Jai Wolf Remix,1kfP0mK3HLu0VDMrspxIvr
I'm a Mess,04ZTP5KsCypmtCmQg5tH9R
Body Like A Back Road,7mldq42yDuxiUNn08nvzHO
Naked,0SbOpoBzBBCqWIcvo94JeD
Next To Me (feat. Tina Stachowiak),0jvqmWRCyv7xnxqrtinbHJ
Bad At Love,3OzCF9i6Ey7EkkAYJztmKp
Crying In The Sun,0VQUyufAldw4Eitv71TPmg
Piece Of Your Heart,1DFD5Fotzgn6yYXkYsKiGs
Trailer: Introducing 'Truth and Lies: Jeffrey Epstein',2VR8gpDtlD1VCZ0Z5p1nUH
Lose You To Love Me,4l0Mvzj72xxOpRrp6h8nHi
Where We Come Alive,1IBjfOO56IST9SqCdZVVLE
Backstabber,4GRFzKI7jTZ3kbMfouc7bn
Bang Bang,61YzdCCBPM5Pc7lIiD5i8C
Blah Blah Blah (feat. 3OH!3),7lWUJpax919G4JdaFEVmCy
Diamond Heart,0nrWZWkJM62ftQJSI8fDc0
Play It Cool,4tnKXKqC3FjXwz6BcmQTtz
One More Weekend,19YOJKCVvOL7v6B2Oe3UBc
Wait Another Day,7qZOnik9K8Mv987ccBjwwj
The Voice Says (feat. Charlie Kim),5jQsMk69Kfs1W9Qh4Bpy45
I Don't Care (with Justin Bieber) - Loud Luxury Remix,6f807x0ima9a1j3VPbc7VN
My Life Is a Party - Ryan T. & Rick M. Radio Edit,1IDXuroj7pqZzrentmgh4H
She Looks So Perfect,1gugDOSMREb34Xo0c1PlxM
I Found You (with Calvin Harris),1kQhi22kyluRCnIPAXtxEZ
Mambo - Leandro Da Silva Remix,5vyY8SBue4y6MkXa7NsRv5
Hips Don't Lie (feat. Wyclef Jean),3ZFTkvIE7kyPt6Nu3PEa7V
Most Girls,10GJQkjRJcZhGTLagFOC62
Vermillion,0O7lENhqOySbsL743G7PqD
Ride It,2tnVG71enUj33Ic2nFN6kZ
Wolf,4WXFDVe299Po8ih6Np54n2
Women's History Playlist,6Q8XNr0ypV7QL91BJK6kXb
If I Can't Have You,2bT1PH7Cw3J9p3t7nlXCdh
Bad Girls (Gigamesh Remix),6q2fVOtgwrKTM7ETDVIgXu
Better When I'm Dancin',5k5fWendNngd89O8JKoE8L
Better with You,1xhiKL4UgfkAfnCUg6HEpA
React,1UPHCP5YeVfele4DMbdGyi
This City - Luca Schreiner Remix,7MPyCqsJcpRaMYM1UTP2Y6
Stack It Up (feat. A Boogie Wit da Hoodie),1xU2QZ40MY4Ex2pfczZa9U
"Mambo (feat. Sean Paul, El Alfa, Sfera Ebbasta & Play-N-Skillz)",06JY9GFaHBQuFEvbO0Mhkc
Graveyard,2vXSHAPCNpWZ7DNFDkEDMz
Middle Of The Night,58HvfVOeJY7lUuCqF0m3ly
Where Them Girls At,63rbP24OzfaQCJjsHWZXnY
If You Wanted It Too,2op6Ue8a3zAtYU4Je3GGun
Lonely (with benny blanco) - Acoustic,4fKiuIavbsoTRZ6R7xuAyT
"Girl Crush - Recorded at Metropolis Studios, London",4YutJsNwBBInE8vemufpQ8
The Champion - Bonus Track,2F6JxWMP2ZfmVErc3ZTmqQ
Fade Out,1rq6f2eXGMc9Ib7WuMvkA1
All Hands On Deck REMIX (feat. Iggy Azalea),5rX9fqEGsHnQeEEsc1Cc3J
Still into You,3SXXFIZel1VQQ4ENiqozxi
Hole in the Roof,36pYPsbeDZTNLFhDJbVv9b
kya karoon?,4Yp8zw7b35bheMVTp39o5O
Woman Like Me (feat. Nicki Minaj),222B3aljXx6fFwKmFjuBED
Close To Me (with Diplo) (feat. Swae Lee),5JEx7HbmvHQQswJCsoo9rA
Dura,6KuqAtoeVzxAYOaMveLNpH
Smoke Clears,6qOdqu0Nay3m8NhKc2v57p
Out Of This Town,6wEotG7E3R9ztdmJ8VNMWH
Someone New,2DNXgvkyv35vTWvdgjs7qn
85% - GOLDHOUSE Remix,0OUC0kWsQ3B99MspZfLaVy
tomorrow tonight,4vsAUbPb6q9FpC4AGBFdVh
Drink About,73WJ6rYbtFi0Z2T4hPS1iN
Wanna Tell You,2QjOHCTQ1Jl3zawyYOpxh6
Sorry,09CtPGIpYB4BrO8qb1RGsF
All The Lies,0Tz5CkTKOOpFP7DMmYmNRU
Need Your Love (with Noah Kahan),1vsQb8n0icvMsFnL9663LM
Details (feat. Boy Matthews),5fYN8kPYyAWWJUBX57vmXb
Hitchhiker - Bergs Remix,20piLuSJu1xKJ79C0wWU7H
You're Not Alone,7cITfGsdjGaTP0b5oiLL0z
Head & Heart (feat. MNEK) - Tiësto Remix,1ohLQfIwj9NUN7e5UKeDl9
Cry Dancing,7g2uEIBiSXUNkLmEUCv5nq
Simple,4L9Ds4mpD3SuYoWwFUlv16
Did It Again,4guBZjUyrGoHsTahO3IHdj
Million Ways,3wuR0YSNdT9rgWfFi1lctv
In Your Arms (with X Ambassadors),70YPzqSEwJvAIQ6nMs1cjY
Dancing In The Moonlight (feat. NEIMY),4GSDkZt7GcmzBWmsMcpaVO
Pa' La Cultura,3MR5Lnhd6uCIgLXSK7nmyX
Lost with You,1zqxYmUku2McZZe7tXibAt
Low (feat. T-Pain),1YgODdB10HrX5KT31UWtO2
Lighthouse - Andrelli Remix,04CttTezSnv71USiiG9mIo
Oxygen - Wave Wave Remix,2quLFfIQqd9g02Fijps0VS
Way We Used 2,08LlEt7KLbs82kA8sN8iRj
Out Alive,6hHpXo2XMMKR5lIfa19aLM
Your Body,5y4TDQdYzlT4eoQIPOgNDz
I Will Never Let You Down,03rhu2vIylSFLUagt7wi5D
Make It Right (feat. Lauv),2WH4oy1SYppZrcdgKwSA0j
The Real Killer,5DVo3T3DUvDGY2jjIjkpwl
Waste It On Me,2J0X46UkpfLlWbuCXFgDLr
Don't Cry For Me (with Jason Derulo),0FLwo3U1NrjocfK2FDisrX
Love Me Again (with Jess Glynne) - Zac Samuel Remix,1r1qeSfQWLFnw69uWESesR
Next to Me (Acoustic Version),4UpKhXsRaQlzcJ7CglLPlI
Wait For You (feat. Maia Wright),5Gv1lrNFnL3DhiMj3JOGaX
Boom Clap,7982sGZuvo5OXsY6REzgIn
Get Up (feat. Kiddo),7ANf9LulmCKIQhetOIGN4D
Bedroom Floor,6IuVmxZtP3h5wvErFpDcVR
No Therapy - Toby Romeo Remix,0mwtCVO9yBY8V3qOS67ugq
Drive My Car,06ypiqmILMdVeaiErMFA91
Summer Air,3MIwc5XzD2VX8ZJAIyURKI
Sing For You,7htOPFqaCfI6j5ssnz2cla
Highway,2zYzyRzz6pRmhPzyfMEC8s
Hold The Line (feat. A R I Z O N A),6EBlOYNcZ8MrdEov9lEdV6
I Did It,20GrahbI4AzAOWxpYfDKkf
Not A Love Song,45iMwUi9OBJlEIsTJ4AStR
SOS - Laidback Luke Tribute Remix / Radio Edit,3eLdNmnRWr9gIyBcqTSSti
Chasing Stars,6y6xhAgZjvxy5kR5rigpY3
2019,4DERbz1e89YD9VZt7or9GB
About Love - From The Netflix Film “To All The Boys: P.S. I Still Love You”,4XII12nbsvJblXfG1I2QR4
Anywhere,7myvEWOwBJ33HkSa2pE94y
Wasted,1a7WZZZH7LzyvorhpOJFTe
Achyutam Keshavam Krishna Damodaram,1W6rxprQYVekHkHo56TW0L
Last Hurrah - David Guetta Remix,66wF9HWqR8RpQ47tiVQpgx
Truth Hurts,3HWzoMvoF3TQfYg4UPszDq
EDM O' CLOCK,3MckdkpumOZiX2efM3B266
No Vacancy (with Sebastián Yatra),3Gqj86AgnD8EiIOFIGLubs
Not a Pop Song,5WDIq9E5f5ryHeIs8FwKcl
Cool Again,5P3oaNpPDVLRJsL3152SEs
Castles,4VqEUmMjhbj6w7g5EVKILE
Back To You - From 13 Reasons Why – Season 2 Soundtrack,4hQ6UGyWQIGJmHSo0J88JW
Body,6wQgV6ZYt1snXyQV69mGT4
Looking for Me - Acoustic,5lyamXh1WgObdOl7Cmsgol
Til Death Do Us Part,7qoVDgCaBveAKmmPNqscYx
Came Here for Love,3kGfazcbVvVkuZunzlLgTD
Ep 9: Dying to Marry ,
Lonely Together (feat. Rita Ora),75NhhYjHO43mvZgYtnXgti
All We Know,2rizacJSyD9S1IQUxUxnsK
Head Shoulders Knees & Toes (feat. Norma Jean Martine) - Robin Schulz Remix,38qZ4vbrNPpG6Fkek0hxle
Right Round,3GpbwCm3YxiWDvy29Uo3vP
God Who Listens (feat. Thomas Rhett) - Radio Version,4YUIBUIdS7Fkxyl3NIflqv
Therapy (with NOTD),1vn8b8pPm5KaBtjzPulozo
Symphony,1x5sYLZiu9r5E43kMlt9f8
Holding Up - Radio Edit,7uzUvsF9Gy7znHzOK3VHod
Harder (with Bebe Rexha),5RgBnDtHKFHgtVdqabjGE3
Slow Dancing in a Burning Room,2jdAk8ATWIL3dwT47XpRfu
Islands (feat. Nathan Brumley),1dNmpQ1Ipbft7WyNbMJXX9
La Di Da - Aaron Redding Remix,1ucpv4HFmmhcYZeMZxuB6i
Run Free,1oIdcFtf58sZbS7QyZQJ2P
Someone You Loved,7qEHsqek33rTcFNT9PFqLf
Lay You Down Easy (feat. Sean Paul),4FTOFgpECL4tlu8DljL0XM
Don't Call Me Up - R3HAB Remix,0goj2jVaUvxQP2zsyt7Xol
Don’t Doubt ur Vibe,6GGODyP2LIdbxIfYxy5UbN
Breakup Song,5U4zBRfVdqaL1kOULNtZ1T
"Ego Death (feat. Kanye West, FKA twigs & Skrillex)",3Q5cLvkKsHJvYltf8k7HkO
Kiss N Tell,7L8DudXuXHqqzD2q9LuQ2n
Save The Rave,1AVT4LSF2wd7kAzzB13aVs
Hola (feat. Maluma),6ayTAnEwP3Yo4DOjLsN5r2
Guided Light,57DdfxTSgIkJeDzkae7IDx
Wish You Well (with Sigala),1yAPglN5AGf7UoLK062ZYq
Getaway,0VE4kBnHJUgtMf0dy6DRmW
Good Thing (feat. Kehlani) - Grant Remix,3d7W9cysz9P6RpmuNkDnnb
Layers,7ipUYshiPzzUs9EdeOsBFO
Runaways (feat. Teemu),6sgnDuroY3cSWDPOIO3yoa
No Lie,48QmG1dfvMuYLxMPt7KSRA
Drunk Texting,1pxxlUuXMYbPSlIkolfp5J
Switch,6ZVdAUo16fX2EPV1HKDSzZ
Collide,22I3h5AOENlH4CqXJsEbFR
Miracles,7u67t6j872bK1tDbMUjnMz
17,3iyxVqVFcGPYd96fkunrAk
Easy Street - AronChupa Remix,52L9vTJM4wDYisWIxjSKkW
X (with KAROL G),77fvnWALKJR0ws1VUx09CY
I Don't Care - Acoustic,1m84zLz4WizjR4mCDoXReg
Incomplete,0CnD7Hiw6pae6rLsZw5q5W
Who Do You Love,7ngdkrVQPgP3AoIxUrTpHT
Marry Me,0OWZFobGSIW9GrSlQ9C5pc
I Like It,58q2HKrzhC3ozto2nDdN4z
Like a Hurricane,58XWGx7KNNkKneHdprcprX
In Your Head,5qykEZTHAcplCLrynoLRnN
My Girl,3izNaTiYdotdPL0Bs76JqO
You Deserve Better - Andrelli Remix,0JumfyG7GUshFjxouEXwhw
Fight Song,37f4ITSlgPX81ad2EvmVQr
Sleep Talking,7a0yxx0xqxSOvgiBH0n59p
REMEDY,5ynxx6zC4dgzsMHLYQ04Dc
Dynamite,1DqdF42leyFIzqNDv9CjId
Hearts on Fire - CORSAK & Willim Remix,5gpy8VcqvPox6XHAIJzuCw
Live Forever (With Cheat Codes),3aQGknD9CVAtpQFh6Qtalq
Cool Kids,13P5rwmk2EsoFRIz9UCeh9
Popular Monster - NGHTMRE & Galantis Remix,336vTSxoACS82BJzwQ2Gfw
Satisfied (feat. MAX),57QXXEBy5apjgxsyXSb8YE
Fiz Esse Som Pra Você - Ralk Remix,08E0nvXBTp8ayyOaXwEtue
Mgno,56QGSNZb7IoG6IdZBqzdbS
Firebomb,56NCl4NToAawSrEKashS8p
Heartline,3w0Kw31MTI6NwWjCBJNUJk
Sooraj Dooba Hain,48pyUxg9RYuwie5M9R7qRn
On The Beach,1A8RGlqkdjAfwkXtEgJ7wR
Do Lado de Cá,0j2lnU4463crM3ArzvaV9T
Tie Me Down (with Elley Duhé),4QVS8YCpK71R4FsxSMCjhP
Afterhours,1OwKdSEkvIHlmp07Mtv43V
Perfect Strangers - Acoustic,1UToeULiroxGaVUHyAb7J2
All That Matters (The Beautiful Life),7949ooAKks9n3EB5CesM4B
Attention,5cF0dROlMOK5uNZtivgu50
For You,464HG7mt7NNKtKY0Hco8Y8
Zombie,7EZC6E7UjZe63f1jRmkWxt
Alien,0pNzaDt5Bey6LWbCZZzUYK
Hold It Against Me,7Dyq1bhhjknLKEGg4k5NLr
Grip,2dfnX2aizo1CGP8iHh2U8G
Faster Car,0c7o0AEDnXKGZto2FVuyGG
Alibi (Far Out Remix),144VylfhBHydi2xvqy9yw6
Motivation,4Cv5dkUBqepa0siwGREihD
Memories (feat. Sirah) - Radio Edit,5drBLK41GUnnWt32JPlexx
Physical - Claptone Remix,4KKaV1zUcpDecobqLjwIkB
Instagram,0U6bQIAh6MCGo1xjbIIx2S
I Love You,6CcJMwBtXByIz4zQLzFkKc
I Lived,7D49Iig0avHre9RFSUMkd2
Humans (Let Me Love You),4QtblWjS1ZLNnA4xVqKHvi
Inside Out (feat. Griff),6IiCb4PCrDgqLuDWgHhFi7
What U Waiting Fo,7bZsx7Zif6FIhrcZrh0LVm
Summer on You,07ipXN6CNTw34qwSYePKpg
Beautiful Life - GATTÜSO Remix,2bjZAQ75EYNyVLGMVKR5Wv
85%,5teOR8KU4XNWY2WlVUDiIR
Savage,7pPciGaYxP2FsFQCIBDEhb
Introducing Brooklyn Nine-Nine: The Podcast,3PBaMWA1qlJ1xa4rEokcLt
Tu Tu Tu (That's Why We) - Dubdogz & SUBB Remix,6rt2hXvUHEtvaP4VhOken9
Rise - Acoustic,4SSS0EPphdDS3CAoVUW05M
Can't Stop Dancin',5NetSTs4dgiR6GLrZOQcwJ
Stay With Me,5Nm9ERjJZ5oyfXZTECKmRt
Replay,5vlEg2fT4cFWAqU5QptIpQ
Hold Me Close (feat. Ella Henderson),24aN8j7dBw0FxxKUBlCtd6
COPYCAT - Sofi Tukker Remix,2njUxZ4151DWIrfIK3loFj
On My Life,6nnntyJFxLzaCmNnhHe3C1
Into It,4HwDCXsMBC7SUdp2WT4MZP
Can't Lose,2PjC4t9Kp4hIJ2h9DkL5Dp
2002,2BgEsaKNfHUdlh97KmvFyo
Half a Heart,6nIE1oCE4udqMGv3bqVNVb
South of the Border (feat. Camila Cabello & Cardi B) - Cheat Codes Remix,19TOAlTFq0NDHvUPQR0tkr
"fuck, i'm lonely (with Anne-Marie)",7elRvorDP9KEOHIisFgrJG
Fired Cuz I Was Late,3HitMfRilAZPRcv6Sx7WYI
If You Were Mine,3szbYyYgEBehQG7q0kv5qb
Feels Like Love,5cZoGjEO92OA1Navo4iY8X
Father Daughter Dance,7f4W57jidkPkcPybCxBHFh
Fallin’ (Adrenaline) - GOLDHOUSE Remix,2z5vLeOSAvBry44uCKTHXE
Sincerity Is Scary,6HguG9HRb1Ke1bhihfE4m8
"Taki Taki (feat. Selena Gomez, Ozuna & Cardi B)",0KoiMHhqKLoL4xM54rcWYY
Killer Whales,0qnOjNW04qpcgXqD9dwru2
Friday (feat. Mufasa & Hypeman) - Dopamine Re-Edit,4cG7HUWYHBV6R6tHn1gxrl
Red Dress - FTampa Remix,5Z1rEeQmwmf9491lcg7Nek
Easy Boy,4f6bRqMzm8HEJIbZI2RkbB
Just Friends,6tB4XVKceo2307SSWXaO0y
Oops (I'm Sorry),485KVYPmRISdLpKbaSJ81u
You,6Up545NUflOiXo8cEraH49
Pushing Daisies,0QCYp0iQR5w0beNWnGlc4C
Beautiful Creatures (feat. MAX),2NmuyZa8Co3mMesQQUkXNO
Too Good to Be True,27RDQ0TfxzWMlQFuKrPT11
"Khalifa (From ""Lekar Hum Deewana Dil"")",4HvKZFgYBOi5gB4ZwbS2l4
Heartless (with Julia Michaels & Morgan Wallen),0VFQC71dmUjuW5bU5Ewdmg
I See Love - From Hotel Transylvania 3,32UJH1F38AMSjZilQyBzOE
Trust Fund Baby,54j7EaJPDmSZYcNYvLSJ78
ID - Ultra Music Festival Anthem,4SBqydJCEhcroni09XgT2c
Booty,6QgkOxBXqVRjZ1JcIDbDYY
Pull Up,7sGULdccMGSggXDq7ZjT3w
Body Back (feat. Maia Wright) - Deniz Koyu Remix,6D72WFltGvVYuHMzQocBEY
Snake Skin,3jdByIcSM5sk4uUrQVC4JU
Tramp - Original Mix,3ZqJjQyPUiNYcyCRJYoj1V
Honey,4Tt6GiWS2V9sQjZjS2xjp2
Proud,4YXKVaWzHaVyDq2pVS5cgR
Up (feat. Demi Lovato),1RidHM9BC4M8DpfSQ6YLJh
I Could Get Used To This (with WEISS),6MSuMFyOdoJMAEgvnhqbRu
Roller Coaster,5r00wpsojd4mBYaQFDvni7
All My Love (feat. Conor Maynard),1839RWzPRZCVgvamu4sHSN
Love Somebody,7hR22TOX3RorxJPcsz5Wbo
Summer Love,1MBM7CyZbwJpVbbZJnHHRg
Too Little Too Late - 2018,3hc7PLcmuZbJGPjhIore1i
Don't Cry For Me (with Jason Derulo) - Acoustic,2tUQhON1H3N4f6fwASEuyB
What Ifs (feat. Lauren Alaina),7zVCrzzEJU7u24sbJPXA5W
I HOPE I DIE FIRST,21szgNA72iLwvBxHQLgwBh
Penance (Part 2),2ivpFknlSbJ0vxLLEIhnmm
Color Of My Lips (feat. Busy Signal) - Santa Rosa Remix,3J9kl71k728LALeF9are4w
Good Thing (feat. Kehlani) - Osrin Remix,4wiCv6q3xqtiaRsQ5sOTSc
Run For Your Life (feat. Natalola) - Attom Chill Remix,05dumYBOrmR0zLuFhxwxTT
Ghost,3m0y8qLoznUYi73SUBP8GI
Babies (feat. Alessia Cara),2iTQEWxLtKrIoYr7FIWq6q
Who Am I? (Black Lives Matter),08PBNR2TYiaL33ZsX9bgDZ
Flights,6Yj7Zhxt73uvwFFvzQXdxO
"Die Young REMIX (feat. Juicy J, Wiz Khalifa & Becky G)",0jdG1iWjXoflspU3IExAwe
Symphony (feat. Zara Larsson),1x5sYLZiu9r5E43kMlt9f8
Cheerleader - Felix Jaehn Remix Radio Edit,023OVLNzXhX0j7CxswUt6D
Call You Mine,2oejEp50ZzPuQTQ6v54Evp
Между нами любовь,6Xcw46N4rfZBY3tPw8EWVc
FRIENDS - Borgeous Remix,1QdG3nKKTrNWlN9x9t1cH6
Noor,1yk1qEejCS5T9pOvPvSvke
Touch,6aJn7Cst74cj4lNIiPRgav
Only Human,0yF7Rh8ISTa2PiyC12pvWJ
Cry (with John Martin) - Nevada Remix,39LgsU96tqZhLgFBJPTC8x
Ep. 2: I Tried to Warn You,
Someone Like You (feat. Gia Koka),1NhCTXyj2XjiUXpjpDNoaF
I'm Just Feelin' (Du Du Du),73ThEGwF5i9GrsXXGyZBRa
Give Me Your Love,7zQteWGg3AZsphUJO6GbB9
Bed (feat. Ariana Grande),3L4GsGLgxpHieVQH86H8bv
Fiz Esse Som Pra Você,08E0nvXBTp8ayyOaXwEtue
Yes Please,0ygxJb76I3ubyFmeoUSkEG
Toosie Slide,127QTOFJsJQp5LbJbu3A1y
Miracles (feat. Tina Stachowiak),1tE9no1NyExKy7NCsg9ucW
Bad Vibrations,4iUFYqWo9l1BpOZAHsR7zf
"Turn Down For What - From ""Alvin And The Chipmunks: The Road Chip"" Soundtrack",4IH37Xf6K3mx5t4i4v4pFi
"Baby, I'm Jealous - Instrumental",5ouk7QWfANYzZmGUxBRYhC
Wasted Summer,43MifzVnh8W3jJN0xqU9jR
Supernatural,56Q2OtRzToYHKxU9p6XWsn
The Missing Babysitter (Part 3),1deALy7eIiZSgef6xyeICq
Rescue Me (feat. Alex Newell),6gGDLMfulzBWB05ZlH7TOa
Thinking About You,27isIXvB8Hs5sM8lYGkkTz
Solve - Season 2 - Trailer,52fwTvfBSgeI0rlSdZCNhL
Back To Life,44aTdoCcquVC4xvX0YgZLn
Ep 2: Who's Hiding What?,31WKhk5AbjhY8nzdbw9JIZ
Let You Love Me,6xtcFXSo8H9BZN637BMVKS
Solo Dance,3R6dPfF2yBO8mHySW1XDAa
Turn Back Time - Bklava Remix,00lwjNnfjwBtYG6k7n0N2e
Need You,5FkBoG7xkb0pPkaO8rS5td
LOCATION,152lZdxL1OR0ZMW6KquMif
No Promises (feat. Demi Lovato),5lNuqFVMca4vPupY10cH0J
Your Love (9PM),5YaskwnGDZFDRipaqzbwQx
If I Can't Have You - Gryffin Remix,1IXGILkPm0tOCNeq00kCPa
Don’t Call Me Angel (Charlie’s Angels) (with Miley Cyrus & Lana Del Rey),6zegtH6XXd2PDPLvy1Y0n2
This Feeling,4NBTZtAt1F13VvlSKe6KTl
IF U,34Yl756FwYuZldE9xnshj5
Ma Chérie - DJ Antoine & Mad Mark 2K12 Radio Edit,5fIAjqccF1OqzMnLOweoDo
Over It,7fcrSwPbjUPe3FGdNJ65F6
The Sound,1Cj2vqUwlJVG27gJrun92y
Release Me,4LiJE6pqgsTX3FtukW6bNh
Lalla Lalla Lori,22WubMzx5mkCAHZHvInkpH
Kings & Queens,7a53HqqArd4b9NF4XAmlbI
Aloha,0wc23hbQfO6pHyc600wFJq
Chasing Fire,1JXisKsTSMoWFxUIFxK3G1
This Is How We Party,6Yis2VwVcABCNVEutLgAf7
The Break Up Song,5J9sCTakcfbaO3Ez4ykjQJ
Say My Name,3PzAUMMxPcaXEfWEvMx469
Make You Happy (feat. Richard Smitt),7MfNG9fOPVaCLfrTaJWpxR
Be Okay (with HRVY),18eulGR0pDx34cbGLIfk4j
Talk To Me (feat. Conor Maynard & RANI) - Sam Feldt Edit,1aCcTh955i82DV6LEe0Igr
Red Lights,0LatE4S9UtCDwIdGQsFFKL
Complicated - Faustix Remix,0HbPfCPmndvkevg4TjwcJQ
Unbelievers,51DZ0wUocQ8sQfjnibXVcD
Yellow Lights,524dq3zKwXrP4uPL6VwoWT
Good Thing (with Kehlani),5aUSEPNd3m5xliFK4pn5mU
Dance Again,2xnoPV3NLescauc0ZJ1MDZ
Alright Don't Stop,4RCq9uVZHsjMuEDveB5bXj
Dead Girl! (Shake My Head),4inWxO0vnDzZsq32p0cHJm
Set Me Free (feat. MAX),4oWNy3mghAjy8LGsomdCej
Crash Into Me,1HL3yEnYq8LEyFQ3QegA5V
Something Stupid (feat. AWA),2UCu2FoXFZpCT36lYzej4O
Ok Without You,7GvzyeeBMoDlC9OziuPMQQ
Worst Of You,54iSfkh69fxhnSNrgvTEBp
Little Bit Of Love - Anton Powers Remix,2679eLFnwrGQOyllYERFVn
Hold You Tonight (with Chris Lane),58jecLK0epwMLr9cy5vFUy
Be Cool,51RtdCbXnBFGz1gvQIj9cA
Five More Hours - Deorro x Chris Brown,3MOECVkNshqHYTPt5DZcdN
Feel Up,4lTLA56cAilcRXpZWCWyS2
Dancing In The Moonlight (feat. NEIMY) - Acoustic,3KZL647GYe5NGUFqBS7hs5
Mai Ni Meriye,0dUvKIQzOkofLditZUWbJY
Wanted,0p1BcEcYVO3uk4KDf3gzkY
All Night Long,2Wb9ejnmy27DUTUe9YF5Ew
Do It All Over (feat. Marc E. Bassy),3Pm4fZwIDkykbdehoXqP9d
Speakerphone,0TcJDCInjJ3WdJIU1HDgOG
Ignore Me,6Xl62B1jL2gKUj1jkFGENJ
Never Felt A Love Like This (with Hook N Sling) [feat. Dotan],1mMvahhW2Oz9waG8UTQnI4
Beautiful People (feat. Khalid) - NOTD Remix,6J7WMB5GII6pEOzy687jhO
DANCE,7sYfWTa2GD1KCaLgGFmFM5
Into The Light,56ip230HpH0onzY1mgiaa0
Torn,2rpW6YlfARNrITNWJbqCgM
Beautiful (feat. Camila Cabello),4VUwkH455At9kENOfzTqmF
Kalahari,3901NGuMFFEQzfcaYElJDp
To The Sky,67Zrgf1AUktvq39nMq0k5M
Somebody,4wCmqSrbyCgxEXROQE6vtV
Bigroom Never Dies,0g7r4J268kF71T7ChFu8kI
Steal My Girl,2Bs4jQEGMycglOfWPBqrVG
16 Steps,7v3MkCal9v1Bw0N31X33qA
Dear Future Husband,3cU2wBxuV6nFiuf6PJZNlC
Left Right,2TTDO3TyBiFKILOBER1WF2
45 Man - Bonus Track,49NWFeDYeNBx55vxxmwCQe
Fallin’ (Adrenaline),6nfqlFOMiWthaOEa53uU0v
Dangerous,2sxpbOUUSzRrms8vSZwxvo
Myself,5YLHLxoZsodDWjqSgjhBf3
Amazon Assassination,7rZLFJJNORGDQWzwXoST2y
Go Hard or Go Home,1oaP5pVPNJ6RkcO9sbvd70
Into The Unknown,3Z0oQ8r78OUaHvGPiDBR3W
Monster,2UREu1Y8CO4jXkbvqAtP7g
Far Away From Home (feat. Leony),0Y9qJSwdV2LvPnFmAbNIc8
Body 2 Body,2aDsxXzs55S9I7THzNoHdD
Friends,7uDUb37h7Xdhza1eWMkoJv
Take It or Leave It,0qdnPX9umHlQBQuv2sYZlo
Body On My,6e0CvGZf7CouOpYF8toXHC
Bailando por el Mundo (feat. Pitbull & El Cata),3FeMpPPhGRKieT8zmlJDQz
Let Me Hold You (Turn Me On),3aLWuWKHaTV4Ok7LKvXRYn
Somebody I'm Not,60dLzTKOP5Q37wThC9VVjB
Work The Middle,42rB0s3mv8BpSKVBVkULvY
Super Bass,3hlksXnvbKogFdPbpO9vel
OMG (feat. Wiz Khalifa),373iQzYhS09JcQ8NrTU6D4
Ocean Eyes - Blackbear Remix,4JuZQeSRYJfLCqBgBIxxrR
Nur ein Tanz,6oaNpCVXUtmG0eKxsPO6Uf
Ep. 6: Zorro Ranch,6Jd1bgtco6NU1XpadsTyDp
NIKES,19YKaevk2bce4odJkP5L22
Fuck It Up (feat. Kash Doll),3gYa14ysEHnFg2zryAbvDO
Never Let Me Down,34j4OxJxKznBs88cjSL2j9
China,0QTUoI90fBFdKkd4h8fsOu
Casino Royale,36HrYUCiCb2e5Ja8rEyJ3p
Let Me Love You - DAZZ Remix,1h6Pww9RsC6gLMQA7zZop7
RITMO (Bad Boys For Life) - Rosabel Club Remix,269In3yeB8gBoOf9mJ3EoS
Fever,0UzymivvUH5s8z4PeWZJaK
On Your Mind,5IpIl6c14WCJhjlIl6poVD
When We're Gone,7KxFCQHFflx0ZlY9SPT5nW
Sweet Mistake,5ZxQnpILGtZ0KwiKakA9lD
Warzone,1XDyVXt7xfw5l301dL3wz2
Beautiful People (feat. Khalid),4evmHXcjt3bTUHD1cvny97
Me Quedaré Contigo,0OGDredxd4n2ai4IJjfLNH
Untameable,20axU6S5zq8dMpQBVZSCe3
Ransom,1lOe9qE0vR9zwWQAOk6CoO
Light It Up - Ritviz Diwali Edition,7GFCCH0Ra09sY8id0ZZwHi
Fuego,7MtJpy9oC923cvDGvmG0AO
I Love It (feat. Charli XCX),6HZ9VeI5IRFCNQLXhpF4bq
Club Can't Handle Me (feat. David Guetta),6ebkx7Q5tTxrCxKq4GYj0Y
Please Don’t Touch,16eNwSoWmJh5GSjN8ECmIp
Roman Holiday,6s8PRmROPJHlqZmu9Bbviz
Standing On All Threes,4giQXf3khoEPdsgsvALUl5
Don’t Tell Me,54gHtLZx6LzToQBuHmIQHc
Never Really Over - R3HAB Remix,2OAylPUDDfwRGfe0lYqlCQ
Only Want You (Sam Feldt Remix),2wOVXsIRIoniqipE9I5ZVx
Together,2Cj5LxM6O2HWQIr9p9h3TH
When We Were Still Young,14VpDEKSX01feZ0Tt9kc7w
I Found You,6PaTvPrElWv0IitxISG5Wj
Firestone,1I8tHoNBFTuoJAlh4hfVVE
Haaye Oye (feat. Ash King),0oukMLKedsqQ3ltnI2daRO
Old Hollywood Hotel,0uFNdjWpogmaJYp2zlNJj5
Be Like You,6FJmVOcQPaRYGiJQRIpWAL
All For You - Eden Prince Remix,0MXmwklof7SCuMCN67nTOL
Here Comes the Change (Live from the Village),4fb4ltdNDEXujfE7EGfqxj
How to Love (feat. Sofia Reyes) - Fawks.i_o Remix,3kp4mPqWS3JQUyCGoRioVQ
In the Name of Love - DallasK Remix,55y30bh2ZUtzOXjWLxn7XT
Boys Like You,2JtuQZHQAtNO13O8KLQSxE
Nevada,02shCNmb6IvgB5jLqKjtkK
Money,2HbKqm4o0w5wEeEFXm2sD4
Way Back Home (feat. Conor Maynard) - Sam Feldt Edit,1ZLrDPgR7mvuTco3rQK8Pk
Carousel,5nHTLEJ10zaqdnKqLriah4
Satellite,5qpPsI80C5AMiZ9v9wYD6n
Take You Dancing,59qrUpoplZxbIZxk6X0Bm3
Reach For The Sky,5eGDKrTYl2h6ponZyMMhgZ
Rock Bottom,3guazByz82uD2zHf8q7As1
Your Love Is My Drug - Bimbo Jones Radio,187QNdyxLm5eU8xgwSAIlb
Can't Have (feat. Steven A. Clark & Ape Drums),5vNulf3Z6xUrBzGy5hcFgM
Candyman,0NWQTyapmz4GuDTSN9xTB7
Good Day,5KXXi90Q4pjVxEapZjRC9O
Roses,5YAP8zpqj1eIX88makBjDe
I Hope You Know,7gHVneUdwNT64NMOmoQPbj
Heaven (feat. Veronica),5ql2mP9FUhB3SgMzv2akuO
Million Lights,0MTNn4zNL9sgy5evzyuh71
Cruel Summer,1BxfuPKGuaTgP7aM0Bbdwr
Like A G6,4DvhkX2ic4zWkQeWMwQ2qf
Pretty Dead,7oYc06jEtq70J8CViP1qN4
In Your Eyes (feat. Alida),61ZM92T2zaXIVsqncThQzC
Your Love Is My Drug,1EoThnDm6kQfB2idIfR30n
Polaroid,6Ng999MKVY9ikd8FtGaNnz
Work from Home (feat. Ty Dolla $ign),4tCtwWceOPWzenK2HAIJSb
Sí,7vGuf3Y35N4wmASOKLUVVU
Hair,20xJN09dBJBEImfp9NPdGb
Crush On You,2sYLlZU3FuCF8SKNeIvdKA
Running Out,5QvBXUm5MglLJ3iBfTX2Wo
Heaven On My Mind (with Sigala),7bIq1v8svANsAys7I694Up
Ho Ho Ho,218twrmZtzyj8B7pknJdGD
Bitter Love,4wOXx92SlZWxNtuBytlMsK
Sleepless Nights (feat. Nightly),4PUWpNtDejQwwa80LjvxXl
Dreaming,6cMswWRv4lAU3mh5lclgCc
Rich Love (with Seeb),7dOeiXeTSfA1ixaYmQcWu7
Tempted To Touch (feat. Rupee),7khLgMuA7m4SA6aaDv1QSv
Mesmerize,2iclfHORMqpR3TxuhwVRhD
Dance With Me,0XxXIiZP0rJBS8S841UVdu
On The Floor,20zQZVyUNPbq8kZACdgYrh
No Te Enamores - Alan Walker Remix,2tfvxvWE1EwdHR6rAUTzGa
Parking Spot,4IFd7EVCyJsUHesBMXI8ju
Meant to Be (feat. Florida Georgia Line),7iDa6hUg2VgEL1o1HjmfBn
socha na tha,4nh0aT30hfj3smH6flWU63
Hero (feat. Christina Perri),0jPU39bL0SrCmYc1RwbFkX
Hypnotized,59ot6i36oaYfxkNBZH7sQR
Sucker for You,22vgEDb5hykfaTwLuskFGD
TiK ToK,0HPD5WQqrq7wPWR7P7Dw1i
"Back to Life - from ""Bumblebee""",16geeCnXrbiomV1IZ8Kudc
These Are The Times (feat. JRM),5YN0zHycJ0Yxz31A5QsVov
Dance Dance Dance,6iZNerKaMbtDYsy9n6cKId
Dance Like Nobody's Watching,5FpEdufuunZqzyQbyetevf
Breaking Me,3H7ihDc1dqLriiWXwsc2po
Blue Jeans,2lFTzUnuGaWlWHJQokjRyb
Shape of You,7qiZfU4dY1lWllzX7mPBI3
JUMPIN (feat. MILES),2ZKv0OWZ3rjeAoPUuuJdyL
Unforgettable,3B54sVLJ402zGa6Xm4YGNe
Hey Baby (feat. A7S),6SzbkrY8OH3fHlLwdni592
I Luv U (with R3HAB),3HTySujYyWa1nZdfiZVZs0
Tequila - Robin Schulz Remix,4Nu8sEejt46770gDUvFcrF
Sunshine,5r43qanLhUCdBj8HN3fa6B
It's All on U - T-Mass & LZRD Remix,2ZAIpgKO22U9oo4m05lqPa
Make Me Feel the Night (feat. Tyler James Bellinger),6bD3KNRkjhLJUf1qjUAAP0
Maldad,33R8NSJ3eRCwWsnKDxxTrl
OK Not To Be OK,0zzVTGyRrWpQu8Fr28NRAv
Love Into the Light,49HwdXe9QfuiEYTFC3WMNq
Shake It,5xTtaWoae3wi06K5WfVUUH
Looking at Me,59tskctgqUmjCWAwhzYAFm
I'm Not Mad,6SL8U8TtdwOtGhbmGzsMfX
I Admit It (feat. 24kGoldn),5QUbOFOkbDlt4ZY7bdL4Am
Dirty Love (feat. Iggy Pop),5qhRMJY1TQwljFlC6aW8OJ
Forgive or Forget - R3HAB Remix,6bERyJwcB3qHDZMnT6Wy9p
Sexual,3VZmChrnVW8JK6ano4gSED
Summer Feelings (feat. Charlie Puth) - Morgan Page Remix,2gatf7ZwixDSF9c4oFMO6F
Work,7lx9ahLiuVTK1ArFp9yAmL
No Right To Love You - Martin Jensen Remix,2jma8TEWU68lZJHDT8DIzg
Gasoline,2IO7yf562c1zLzpanal1DT
A Thousand Years,6lanRgr6wXibZr8KgzXxBl
SKINNYDIP,0FQAOxq5XJhsW1oFTZpjPb
Won't Stop,2xRYnHQdLD9ketvC01UYYT
Tin Tin,34R1Otm7togkS4bVTcV3Uc
Time of Our Lives,2bJvI42r8EF3wxjOuDav4r
Sweet but Psycho,7DnAm9FOTWE3cUvso43HhI
Too Much (feat. Imanbek & Usher) - Alle Farben Remix,0TEk9SHs3MJl8S0Qgtbzqh
Ain't Your Mama,2hgzdQdnfWwtdpZbhZlV72
Talk To Ya,0PFGX2bL2gVYxCvTP9O6c0
Enemies,3LBLmC8gqvt1l43kdpx43w
Dance Monkey,5ZULALImTm80tzUbYQYM9d
Stronger (feat. Kesha),4NctFqJyGAqurHFEUQvWgR
Dynamite - Instrumental,0V2wvC5MkDjMZyFttv8sZF
September Song - Indian Summer Mix,1d33rv3YwKEoc7rtTVWCqt
Mistakes,4NAraLVJxtLPJhmKKVklKa
Boots,2uqYupMHANxnwgeiXTZXzd
Daphne Blue,2FhJvFKyZng57iVQmFayVw
Prisoner (feat. Dua Lipa),2Oycxb8QbPkpHTo8ZrmG0B
Pumped Up Kicks,7w87IxuO7BDcJ3YUqCyMTT
Señorita,0TK2YIli7K1leLovkQiNik
Don't Give Up On Me Now,4lzgKfKsmcHQdadDfhlvBU
c u next tuesday,0zqULZO63Ty1Md9Qo3RNDh
Glow In The Dark - IAmData Sunset Remix,1cHCYtZUxwyAftfkowki0t
"Audio (feat. Sia, Diplo, and Labrinth)",100eDEmpWV5YGVCqHI0leU
Loco Contigo (feat. J. Balvin & Tyga),6osaMSJh9NguagEDQcZaKx
Comme Des Garcons,43bYs8QkPdCdy5esfnmU1T
Constellation,32ShlHZGBYLoybP9pdb87z
The Way I Am - Taska Black Remix,2oq7oUO1nB3C4DzQqeogMV
I'm God,0FVuyC9RP5MACjp4lgU3qZ
Better When You're Gone,4Tvw0lweq9l2JPQKFbpbBQ
Too Bad,4kyfZcirG407sqrF34ZKxR
New,0fv2KH6hac06J86hBUTcSf
BED,1B6TmCvKjC4dopBohVW51x
Sixteen,50eBP4arxI9WZqSXAy8j9d
Coming Home,6Iocm6VMu6bVNYwiDoyQFW
Sleeping In My Head (Manta Circle Remix),5frggt5YZw446E4tcIkXSW
You should be sad,7lidXGPXPYLNThITAOTlkK
"Love Me Like You Do - From ""Fifty Shades Of Grey""",3zHq9ouUJQFQRf3cm1rRLu
Don't Say You Love Me,5rRumLDp9XuVCzpRgybX7w
Castles - Sam Feldt Remix,0AZJDOGsRHnR9GEMWqzOiP
Call Me When You Need Me,0QfppqtzzFYz9GCQJPNlot
Side Effects - Fedde Le Grand Remix,7FDaS1k08rwMoAThmzUkOZ
Intentions (feat. Quavo),4umIPjkehX1r7uhmGvXiSV
Coming Undone,3o7TMr6RmIusYH7Kkg7ujR
Crazy Beautiful,2rxQMGVafnNaRaXlRMWPde
I’m Ready (with Demi Lovato),1fipvP2zmef6vN2IwXfJhY
Him & I (with Halsey),5k38wzpLb15YgncyWdTZE4
Speechless (feat. Tori Kelly),7nsOsdlqa9Srr1LBYyd9pC
Mama Said,5ArQzSBevAdXTxRY6Ulhbq
Starfields,3EDV18xlM9ajvniFe477xB
Gasoline (feat. Laura White) - Felix Cartal Remix,4lN0PcEXRKNOmkqpQH59ma
Going Under,3UygY7qW2cvG9Llkay6i1i
We Got Love,4XWId8KkDX5w7J9p2V1zPc
Wonderland,1fh4rarBaLB8l5ALt1UvPv
Better Day (feat. Aloe Blacc),5NeFmsnXBy6xVbz8pesM5l
Nobody,0W7KIc2GSB9suYQAaMZ9rF
Head & Heart (feat. MNEK),6cx06DFPPHchuUAcTxznu9
All the Time - Don Diablo Remix,1z1Hg7Vb0AhHDiEmnDE79l
Over Now (with The Weeknd),58AGoOGbwsQMhBbH0eFLRR
BO$$,1COvXs6jaykXC73h9OSBVM
Waiting,2P4OICZRVAQcYAV2JReRfj
TiK ToK - Tom Neville's Crunk & Med Mix,5vlqASsWr2hgkV7lF8wb0c
Heartbreaker,22ML0MuFKfw16WejbxsLOy
Serious (with Matthew Koma),1wjjc9SGlmzzXDI26gim3p
Give Love (feat. LunchMoney Lewis),5Iq6gR32JDFmF9RYmMpAGz
Tough Love - Tiësto Remix / Radio Edit,7bF6tCO3gFb8INrEDcjNT5
"Whenever, Wherever",2lnzGkdtDj5mtlcOW2yRtG
FRIENDS,08bNPGLD8AhKpnnERrAc6G
The Happy Girl (Part 3),1XoY4WZrvPIphBaikXGjF8
Unbelievable,2Y2nV089OQhsGTz2xdlvDb
Kaller På Deg,0lnksmEu1sa7t16YwhIP10
Crash into You,1HL3yEnYq8LEyFQ3QegA5V
Teach Me How To Love,5LZtB6nxvjIhUoElp3Zqk0
Laxed - Siren Beat,3BJiF37kmX4HCfYSO7qBnQ
Chernobyl 2017,47LOnt9dxPD2dI6fZFH5as
Reach For The Stars,7apcnerZJaEWx3zJNLhWGt
Only One,1iAqQMUVtp5E1EYJkqZw2g
I Wanna Know,5yjauNC03GWLf7fLG9ediD
Walk Me Home - R3HAB Remix,7wJFBZXG4AFQS9YwBQLkqL
Dance Like We're Making Love,3biFdxByHgUhTbp2dG89zK
Let The Music Take Control,2ItO4ZVCtwEHuLL6ygajGM
Wherever You Are,4s5kizLw0McJRd4rBG06B4
Bom Diggy,6qCNaRRr5xJALfNJvh0NAw
Letting Go,6FSOibqLCbhFrmGdqMbwiZ
Little League,3XOHxCoPkXW0pvR6xl4f0M
when the party's over - Recorded at Spotify Studios NYC,6H7fWtwEUHVfTyZD7zeG4w
Up All Night (feat. Afrojack),5k1uIPpsHmnbWFr4nbpdYb
I Found A Girl,0tgVpDi06FyKpA1z0VMD4v
Not Going Home,6f6hXxp69OVmhfRDwQvLYV
Won't Let You Down,1j6R8tfPRlQ6vWos0fi48a
Bodytalk (STFU),2vIkEXi009Hxc1K3oMsLqR
Die Young - Dallas K Extended Mix,4Z75qgPxI9UdTiXkn4T1U9
Fergalicious,1D066zixBwqFYqBhKgdPzp
Trigger,3H7xeHNvo4hMx0iQ5O5HCh
Red Dress,6RMp7NMuiaMNcylVt8RPcB
Kiss Somebody,4f3fb3alVLFc8Ga4ncpg7x
Oxygen - Dario Rodriguez Remix,7tks4SpHKvcPiMb6cql9Er
Lovin' So Hard,5EnCFISDzoIMWMaicJxxX9
Good Vibes,1XVqh0dC0PIl72f2mQhsVt
Break My Heart,017PF4Q3l4DBUiWoXk4OWT
Bubblegum Bitch,6IbnUaczZBT34DhaD6S18F
Wild Love - Jonas Blue Remix,2YX0K9fzoyqWpT5sgyzVXS
New Romantics,2vPMoMDXxu9uX1igWZmXSG
Drunk Me - R3HAB Remix,3kwL8x4afaomYsX3d4cmPL
Love Me Less (feat. Quinn XCII),2tOOcDDYkh0PSjr6GwPEAJ
Save Me Now,4hZDzIszAEnsvwFzAIs9O3
Ordinary People - Live from Spotify Milan,2UGuZUEnJMAcpYd5Xf4R5K
I Hope,23T0OX7QOiIUFShSzbJ5Uo
Wasted Love (feat. Lagique),1cYyZ1N98GyRS3cMcccFHd
WTF (feat. Amber Van Day),0gn93i7HJt0calph67R5Wu
Tu Tu Tu (That's Why We),1P5qpib6w20VWsQkEN4vHr
Sad Song (feat. TINI),2JoIjuzRplpYGvvLpSW2on
All In My Head (Flex) (feat. Fetty Wap),7nD9nN3jord9wWcfW3Gkcm
Sweat On Me,28jVyHbondZd7dQrZVIk5l
You Don't Know Me,1rFMYAZxBoAKSzXI54brMu
Dream of You (with R3HAB),5avjngfV5MZAmEVPytbMqT
Tokyo (feat. XIRA),2crv7NktXFd8iTyDPLDYwR
Name on it,5hRyy1AIJMc5wyizJcSIEa
Slow Lane,1YyuWpjpjz9N39aqfqGXYV
Stupid Love,7yBbV2k2S2uhaQc24NF2xt
What U Need,4Yw8TyBm9J8cpy2guHUYog
"Baby, I'm Jealous (feat. Doja Cat) - Natti Natasha Remix",1ukcBrTJUEGmSmANE4Pf4A
Sucker,4dASQiO1Eoo3RJvt74FtXB
First Love,3QQAeMQbbjZXVFbF8DgFWT
Secrets,1NhPKVLsHhFUHIOZ32QnS2
Running Out Of Love - Acoustic Version,5AincjDbjACmKEhDRZP65T
Promise,08PdFBcXzpkn1cWNgmKqhn
Sledgehammer,3wLZ69kr5J2sb934Kpv02c
Take It Slowly,0GXBDT4AVhWrKKkk2IXlFO
Raincoat,5Ppaa0EBAo4JABSh9YuU9l
Bem Melhor - KVSH Remix,76m2MiAKQvoHsgvwRDPXx5
The Missing Babysitter (Part 2),1Gz2RBagWxkXblp0ERXiLj
Back It Up (feat. Jennifer Lopez & Pitbull) - Video Version,6Y0mJNAcx8CDBOhSy6icFP
Come My Way,7xU32nQT8XfyZG4xcMzb5L
Something Real,444vevlQjTnKioLLncteGv
Never Be The Same,4eWQlBRaTjPPUlzacqEeoQ
Run Run Run,3jwQt00cvkN57H6ZR75W2K
Stereo Hearts (feat. Adam Levine),0qOnSQQF0yzuPWsXrQ9paz
Initial Shock,65E5XBhdjVml7pOF25i8Bh
Animal - Dave Aude Remix,6aMPM4eBKqLFFhwZYo68sf
2 Hearts (feat. Gia Koka),0EdgK7ASb4kfRkW8pVMN02
Nightwhisper,3SYO8wU4bEgIYt7AeGRIwG
The Only Exception,7JIuqL4ZqkpfGKQhYlrirs
Flame,57AlxjJrWpWg0vF7eGksir
"I Need Your Love (feat. Mohombi, Faydee & Costi)",74Xdx4ezYQQlg8wKswq25T
Time (feat. Rhye),08HR9PoLSeovgXWvJEZrvi
Monster (Shawn Mendes & Justin Bieber),1HbA4N1MiOsPthALesGFR1
Chariot (feat. Meek Mill & Lil Durk),41qvyd8cnQbN9aOPoJSNhp
Endless,48hgejcosE4lY55TMNgN87
Love Me - MOTi & Terry McLove Remix,7Cvda4zbeXHvQF69GetRdR
Parted Ways,3Sx8k6SH4gqMMjS7nqLcJR
Another Life (feat. Alida),0NWVFwJxCMjBdTOCePlQdl
Dynamite - Slow Jam Remix,3adJ5vW78N4lpm4DzbCt6d
Lonely,6ls5ulRydoPE7oWGPGBqFA
Birthday,4NpDZPwSXmL0cCTaJuVrCw
True Colors (feat. Maya Avedis),4AMY0oGSt7vZwgxDnHCJBr
Options (feat. Stephen Marley),5ysBPkopQGiMIl6zDYGZTn
Worlds Collide - Edison Cole Remix,3JqpIjrQfmW68YkpxXWPL4
Save Me,1rnYNAJPAb586NhetosdNW
Sugar (feat. Francesco Yates),5tf1VVWniHgryyumXyJM7w
We Don't Care,0IW0qaeyxL5Et4UG2MrJKB
Stargazing,2dylnPaUPcOvzBLokj8DZa
Lost In Japan - Remix,575NJxNUVDqwJGdzBrlLbv
We Own The Night,3n1lJB7m8iNDToXJVzIHD2
Virus,56cIg3GhiWW5OLp87pQ8MA
Vibe (feat. Emily Bonabon),1KTu92zFjElqc3h20XCwE3
Gasoline (feat. Laura White),5EDFZeXVW1SsQtaNm7A5Pl
"thank u, next",3e9HZxeyfWwjeyPAMmWSSQ
Team,3G6hD9B2ZHOsgf4WfNu7X1
I'll Be Your Strength,6UWkU4NFEECPDwoGQN4ESx
Don't Call Me Up,5WHTFyqSii0lmT9R21abT8
Bloodshot,1QAH5HMnoDt76yBNpLUsHo
Na Na Na (Dulce Niña),6tb7r9qcLBuguz2nG6fpBu
Castles In The Sky,3uMZMYC0GurzpeTf9QvPe0
Numb,2nLtzopw4rPReszdYBJU6h
Love No More,0E8WJOFs2eWD67USh7C6Qd
I Could Get Used To This,6u8epWzzk3CsJ05sqExF6T
Use Your Love (feat. Goldford),5W05N4aETUauCVzddI8L66
La Da Dee,0ccwMrlZONy5yXrirq7lTe
Im Not The Only One,7795WJLVKJoAyVoOtCWqXN
Leave Right Now,0wyja8xD9cNhDtfuY0dVMP
Tack,1ZqKCseNe8FIZRDyl2E2Ac
Indian Summer - Kasbo Remix,54lrEJWx2h6DHMDd1ihwVK
Crazy Beautiful Life,1YcOjtjiwwiwlrzmeueQ45
Push It Right,4M61DpNzoLws32l7tvAbYL
Big Plans,448hSkxDU1sUQQauBWZVcC
Like A G6 (feat. The Crushboys),46Tjel8UJ2nR0uFgXkT9Y7
Find You,1zfN8zCouutQFIt8856oHV
Silence,7vGuf3Y35N4wmASOKLUVVU
Better Off Without You (feat. Shift K3Y),3oIVK7arAFuUOCGafPLxSC
This Is Real (ft. Ella Henderson),1pRShUtGOG6ZP5fsnw9G4h
Without You,1KMkcUvF7m3SDChDOa7i5L
Ritual,1PVD8pnxk9bRaiBnGTJRA1
Don't You Worry,043bfUkTydw0xJ5JjOT91w
Cheerleader,1u2hPlWD5rlCzDa0X6zHaf
Colors,1ZtVN326V42hioNyRjU4P2
Wicked Wonderland,69VG4iIuVgrgAaoCjRaijz
rockstar (feat. 21 Savage),0e7ipj03S05BNilyu5bRzt
NO MAÑANA,1clKJlcPmm4BY9TkXKQxso
Who's Got Your Love,5EpR6BqAnwR9PPl6sIrzGy
Can't Bring Me Down,203xxdlledLFnkqrUleD72
Overtones,4X2lYn0z4g19He8cDw6QS3
Starships,1oHNvJVbFkexQc0BpQp7Y4
Built For This,5ihWb5kpd7brDr32wNebn6
Toothbrush,7ciLq0Cip0yxiz6KANrOUq
Naughty List (with Dixie),2Y0ktCGrGoGcQFXsGztvhi
Mad Love - Blinkie Remix,5qiQbOa6AFEO3P111y9Jry
Ride Wit Me,3Gf5nttwcX9aaSQXRWidEZ
Phases,3je88Q4OvTqIx7BFRFYvRA
Introducing ‘In Plain Sight: Lady Bird Johnson’,4BRx9dbjHmxUGRZAhQta3d
Secreto,5W83ErFkO3aKAIS1WMi6u0
clementine,06ZVdd9hNVlNv9fAd5NUok
Come Home,0le1GJUVrJW9MuWmKIjX68
Happy Ending,5Pe0cX2TCsD7R24U7y8ALd
Your Side Of The Bed (feat. Eric Nam),3dz63QjQVZy7RYPzx6l3JU
All My Friends,6TaqooOXAEcijL6G1AWS2K
FEEL THE BEAT,0pGC7cwCOakpvCFYiawNhM
4AM,5atQp8KJYDktlNKfw5nxVv
Let’s SHUT UP & DANCE,05fVrhFBjfElZiDfHDRxhF
Hearts on Fire,1iIFEE0LRzrwNbhUZyMpsT
Contra La Pared - Dom Da Bomb Remix,1GejDZaQFo6vWH8uejXNk0
Paper Thin,33LQdszht4rDfgmOSth8W0
To You,25osmdhvjltPlN7gI2Javd
Something Strange,2YNVpj4AfBb3HN1QTqEcVB
Every Little Thing,02oMB4QyiXwNt6QbBegi0A
"No New Friends (feat. Sia, Diplo, and Labrinth)",6Dma0t0hOe6Bd6u5YRKF3n
What We Live For,1KgZOCjN3nGRTk3c87oIj6
SIMPLE LIFE,7gMbWTnzzfaOOIvT3oiW7C
Sunset Lover,0hNduWmlWmEmuwEFcYvRu1
Ocean (feat. Khalid) - DubVision Remix,5hxIWOdB3YAwuRMcdYUXNB
One Touch,6HnPyeTDhlnEh2hxexFKJl
Be Myself,7wWhHYZLCRuWJJvJHgcGEM
You Can Have Me (If You Want Me),6CUa0iKcDgblZhLStRkq8u
Prisoner (feat. Dua Lipa) - Jax Jones Remix,6B7jm2IJsh3DYXO7RgwVnx
Still Falling For You - Laibert Remix,2BhkQtorT9Vka8GLUzUeH4
Somebody Like You,0b9djfiuDIMw1zKH6gV74g
Alone (feat. Anjulie & Jeffrey Jey) - Club Mix,4PclDQ2lYPmIuhj4G3swK1
Perfect (For Somebody Else) [feat. Dewain Whitmore],17FJBu1ObmgdWduG0Y2EcC
Too Far Gone,1dnS8ifgQzwpjjh3gN7wMo
if we never met - remix,0o6NlHNV7Tet6yh9BC6BGd
Stargazing (feat. Amelie),6dvjPTnrQoXfKjgxtE0wF7
Ep. 10: 'One Step Closer to Justice',
Stay Gold,6QMYeuubL00KcXBXxS5Zhn
Edit You (feat. Stela Cole),4dGLgGBSJr083efJXhQJNs
Girls Like You,3j36w2RY7uyBFWkcG8MKmB
(Don't Fight It) Feel It - AronChupa Edit [La Vida Nuestra Soundtrack],5jj5pTlalYcxW4BeAHuDLl
The River,3gQC0KTBXZeysuzRqMrfbD
Now You Know,7tdvs2ZRY4kmkqCPvF5MMG
Achyutam Keshavam Sai Damodaram,5qJJ5gHvFBrUi5z5FqmuCH
Gold Forever,6BSSzdZEjbgHRzMditbO0H
Midnight (feat. Liam Payne),4ZTTUAjJCd4NMZmIU7RB4c
Take You Dancing - Roisto Remix,0P0OZOYqfdYqxW15pRDpAS
Carry On - Nicky Romero Remix,4fK2NU9UyQJV74ZGiSVYsr
Losing My Mind,1qPlNM2FaEWCMSxpVR5XeH
Level Up,40VqYKBAJP901tpuq6WMt7
Bella Ciao [HUGEL Remix],17qFsPbpSkxI5AjYqUpTat
Shake It Off,5xTtaWoae3wi06K5WfVUUH
Looking for Me,2KYnSFIrSbaKUXWetW7Klt
Looking At You (feat. Sam Vesso),6vfIjEMBFH9T4paWK990lr
Cross Me,4wuCQX7JvAZLlrcmH4AeZF
Post Malone (feat. RANI) - Joe Stone Remix,43XVdVydjpHCCGMrsjc785
Wolves,0tBbt8CrmxbjRP0pueQkyU
How To Be Lonely,7ydjUPZFQVYZ54NLmoISfG
drivers license - Acoustic,5wANPM4fQCJwkGd4rN57mH
Just My Type,0q2e5jdjxFaaYRf49b1vLj
Redefined (feat. Melanie Fontana & Novaspace) [Club Edit],1pOjVQ65GHLlP4Acl9vwOa
Losing It Over You (feat. Ayme),03csMcRh5OEeBQbSxc4xla
Always Be My Baby,2aBxt229cbLDOvtL7Xbb9x
Drop It (feat. LUISAH),6SK5X1cj2G3vFNb7iTmLfV
Used To Love (with Dean Lewis),7pWK1kMgHy5lNNiIfuRbkP
Bad Chick,4OGeWgHHgWmnOllev6Q9hp
Lifetime,19dNZyDyw00aKgr6S0Os6e
Promised Land - Henri PFR Remix,0Sy8wN8fbDoBfEHSVvDUTN
Happy Where We Are - ilan Bluestone Remix,3h6a2eRhyHbKhwLtW0hYmS
Trouble,1JsOWOtjLzQ5kLPNIUzkEu
My Way,2YkIDPL5lGhRhomCq4S2RO
Don't Wanna Know (feat. Kendrick Lamar),1nueTG77MzNkJTKQ0ZdGzT
JAMBO,4H5arInh2BLVz94mIibTrv
How Could I Ever (feat. Shungudzo),01NInHTOPElDdvw8rfnsjK
Scars,72B1Omo2kmEst4YKO8vOB6
Illest,7vpqnolTlhFinFcFi2iySF
Wonder,1qPbGZqppFwLwcBC1JQ6Vr
Shut Up and Dance,4kbj5MwxO1bq9wjT5g9HaA
Sing It Out Loud - Freddy Verano Remix,4E2xcRsa66hiEdZyx5MF0p
Found Me (feat. Maria Hazell),7ubEV4AIzzuaGKnl23GhjR
Woman Like Me - Banx & Ranx Remix,3caKSofgCpcpMemSVCxsPG
Ugly Heart,3qqho4PnTn3zlMPBzWhFFD
Rain,0GXwlEXCO8qeeeOIYpsR3m
"Take Me Home, Country Roads",1YYhDizHx7PnDhAhko6cDS
Make Friends - R3HAB Remix,2th91ClTOEEyQAPQ8RQMrJ
Close to You (feat. PollyAnna),0AGDIDAoJrjUcSiDgm7bMw
Don't Call Me - Galantis Remix,6PMVAJwWESCP41PDbMSyOs
Legacy,1mavQ4WCzXSeL2Dm5DS4GQ
Some Say - Felix Jaehn Remix,7C1trmcQQ5n5RNy4l6ziCv
There You Are,5y4XJ9UFS5eOdoYPF5pSAE
Post Malone (feat. RANI) - VIZE Remix,3mruwwpKfG5NYmnEr6O5Dw
The Spark,0bhnFakmRioZbuQcmhVwoH
Love Me Land,3J6bLodhUHgNyzEZLgcieN
Whole Life,2Moi3FKkLO1SZX233seKjr
Beautiful,6tNQ70jh4OwmPGpYy6R2o9
Think About Us (feat. Ty Dolla $ign),6mkPKZqPIdyYdFePOwLXqQ
Origin,7MEARbEjVLkIivjNUPGcNo
Friday Night‬‬‬,78zc6DT7A2ccehmIqef9mT
Say You Won't Let Go By Camila Cabello,5uCax9HTNlzGybIStD3vDh
Goodbye (feat. Lyse) - Original Mix,738BXwyDgu05xAuPZ0CxIK
Ain't Nobody (Loves Me Better) - Extended Mix,6kOFGxdsjQaRdI6Elv96uQ
Yours or Mine,4XF2Ov9YASRtluI79Y9PsT
Exodus (feat. Otis Parker & Garrison Starr),6gQWmoWydnPgNW5JuijB1r
Mercy,0AS63m1wHv9n4VVRizK6Hc
Bloom,1HMQmOWrkieKYWlFsjUP3D
stupid,6qNB2ChCVPepl5ZjVJJTUW
She Wants Me Dead,5H4GRogDlVhxrfTQUuOqVr
Your Side Of The Bed,7LwJG5mCWzQAz1tZr2FZ4D
Grow A Pear,2ISUiwj8xXqHeUFcen0AIU
Hangover,5pmL3RzOy3IvGFaSDi4hZL
The Happy Girl (Part 2),60ut42dYikYXfCZQcvVXYV
bad guy,2Fxmhks0bxGSBdJ92vM42m
Ep. 4: Friends in High Places,62MZLX4Iq9G1RqvQvNAojz
Love You Like That,2QVzUws1l5mzZ4v46tGHrC
I Wanna Be the Only One (feat. Bebe Winans),0XvOoNb9zZOwFIOM0mwbiq
Freaking Me Out,7uYIX9O9DY6l1D3HiwHR1J
Dance,2XU0oxnq2qxCpomAAuJY8K
Fallin’ (Adrenaline) - Live,1aSOdUzCosSqH8u5Iu7rh9
How to Love (feat. Sofia Reyes) - Fawks Flip,0ZmYf8Dz2SY8Tbonb95Dsy
Congratulations,3a1lNhkSLSkpJE4MSHpDu9
Fight Back,6KigD0mlF4VGDYiSEzAyYw
Erase You,4uhvMW7ly7tJil31YYscAN
Savage Remix (feat. Beyoncé),5v4GgrXPMghOnBBLmveLac
Beautiful Now,2ISSQPb9LHHiV6ng2NXosL
Semi-Charmed,42et6fnHCw1HIPSrdPprMl
Get Wet - Radio Edit by Fly Records,6lFcR5mNernjOxah3xAXqO
Naked - CADE Remix,0w2CIOs32MeHgUOVgAsDt8
Acapella,6RjW45KHJ6kgI2xQ1aFa52
Focus (feat. L Marshall),7wB9B1pIfE2kH0PvBMVgMQ
All The Lies - Toby Romeo Remix Edit,1YSwQvw1NrEPfA0j1iY8eV
I Fly (feat. Faouzia),35fXdkEBkofjWnSzWED3DU
Ep 5: A Will That Kills,
Ride It - Jonas Blue Remix,2ONRkpOJ6X91GMXMthtT0M
I Took A Pill In Ibiza - Seeb Remix,1MtUq6Wp1eQ8PC6BbPCj8P
Finest Hour (feat. Abir),0p0ljM6RxgpGt7wthGqBZa
Youngblood - R3HAB Remix,2vIzH4NfFGoJHA5rn1dFWT
Reasons (Kadrian Remix),0uGZuxYW49lqTFNi5prGKf
MIRA,2TTCzngTprmJJGlmkeM5HR
Sixteen - Don Diablo Remix,3jwQwGVERUXo7eaAgL1xAo
The Business,6f3Slt0GbA2bPZlz0aIFXN
One More Time (feat. Alida) - Quarterhead Remix,0lXMcNaciFJJgiL88LniCe
Wrapped Up (feat. Travie McCoy),39lS97papXAI72StGRtZBo
"Hey, Soul Sister - Acoustic",63X2qibtX76xElkbGgFK01
Mona Lisa,0dbTQYW3Ad1FTzIA9t90E8
All Around The World (La La La),1D2Aldrksl9yWWCIPOeDzy
Blame It on Your Love (feat. Lizzo),1MfuskV4ODUp14C2dnyPgW
Can't Help Myself,3DpYNk8DsTwZ8rtTTTrKyf
Home with You,6Z3KPGftGu9ZVvkAY8SaZa
Fire (feat. Elderbrook) - KAIOS Remix,5lYtdxQKPLUHA3tKXb7yyx
In Your Eyes (feat. Alida) - LUM!X Remix,4sDsOUcpA53YU5HZ8A3VZT
On My Mind,5a7NdkF09AfD0H607eiOkX
Good Time,1kPpge9JDLpcj15qgrPbYX
Happy,3ZEno9fORwMA1HPecdLi0R
Do It Again,3iOpiHDobxZO7S4p9Y2Fgu
Part 1: Getting the Squad Together,1hCGjQvfZGwKJUMrsHjEPi
Just Imagine It,0mtmrbRFsectINNpHdDkUQ
Samadhi (Tritonia 323),5ih2Adlk02LE7DmVk7lvNt
Everything About You (feat. your friend polly),3CC7fyeynJ2RVDUlUDPNXR
Cashmoney,5FYYGR9dUsN7qSbuKriwxO
Conviction,1iUVOPIBuNtQghGWxQcWkY
Forever Young,4S1VYqwfkLit9mKVY3MXoo
Million Voices,0MOiv7WTXCqvm89lVCf9C8
IDWK,3awnZSyvKdi7rBLttHk36K
One More Smile (feat. Shiah Maisel) - Blasterjaxx Arena Mix,3GiS2hG4uQEtB4CwboAq31
Sunflower - Spider-Man: Into the Spider-Verse,3KkXRkHbMCARz0aVfEt68P
Nobody (with Chaka Khan),3Z63jbwlq0u9IefkvpEj1T
In My Head,2RJAKIw6nIkgZVsAIKhmqz
Don't Worry (feat. Aloe Blacc),0KwlzQaySxzPkt0nELecnx
Imagine,0pqnGHJpmpxLKifKRmU6WP
when the party's over,43zdsphuZLzwA9k4DJhU0I
Better,6zeeWid2sgw4lap2jV61PZ
Rule The World (feat. ILIRA),22sKunNSPMCy2lvSLOY5yX
Piece Of Your Heart - Alok Remix,6iW38RGqdDGOofmz2HeXLW
Leyla,4pEylyftELdaYfRROnRhFs
Be Happy,4hObp5bmIJ3PP3cKA9K9GY
Lights Go Down (feat. James Newman),2Yw4G6fqdSUZ6Kd1Y5gIin
Stuck,725gkdHSkTogsY5xyRWUHJ
Lullaby,2vBiZ7nBe0OqTZKWGP0s4K
Hands On Your Body,29aqCNtLcL5cjsjRRe1Y1s
Let Me Show You,3Xup2MfX2tkMo1HlkpiPes
DJ Got Us Fallin' In Love (feat. Pitbull),4356Typ82hUiFAynbLYbPn
I Don't Know Why,28heol5hhOGj6KYbJrRteJ
Heatwave (feat. Akon),2KMJ5CoxY4ECG9TZyNWmpv
4:15,0dGqP4VickYjtIaB5VOt4H
Bruk It Down (feat. TxTHEWAY),04J03yanQCmSuigan5Y0cM
Timber (feat. Ke$ha),2oE4qb8ivlZ22iNV1d4ExE
Black Widow,7pNC5ZIKtwUK0ReSpM3P9f
Peru,3s1KwrLP0NlFWiWbjz6bfQ
Make You Mine (feat. Moa Lisa),1ICPREUY4yMNeFEgbNh7D5
Ten Feet Tall,3ALem2cU9XKuWT4CLAeDMK
Let Your Hair Down,0uQSHrFDVtbQyxNFCwm1EC
Survive The Summer,4XzGuiMHSVmgRozWYS6Szp
Dancing in the Moonlight (feat. NEIMY) - Jack Wins Remix,4fJlPIjfNGwyxoQDtNduZt
Ep. 1: Palm Beach Predator,
Show Me Love - EDX Remix / Radio Edit,4bAmAVdks2Y84VNVVLXFwN
Only When It Rains,3ccIZSRn5I2zcWkpdO9gZB
LIES - VIP Mix,67hioVhWrtqUF5WOZpI2V6
Revolution - Klanga Remix,6ylJOJYzTMEwZfWHzPB6WX
Good On You,4rgtVCZ85aJHX0MVPM6fjw
War Paint,2LGAOIFCnLju9t3PeDkevc
Takeaway,3g0mEQx3NTanacLseoP0Gw
New Love (feat. Ellie Goulding),5iEI2hHcG8bnKmUelPk08F
1999,5SnQILxl7lE7J8bRgM3NSb
Crying In The Sun - Le Boeuf Remix,4dtTsxiztEoD9SQLBhifal
Mr. Saxobeat,6HTprulGfeFVrLLvfi3t8a
F**K Him He's A DJ,7b5vGhtkuXfVSRxrP5OiQC
Dandelion,2eAvDnpXP5W0cVtiI0PUxV
Where I Belong,1N2fNKIlJJ6PQgcVD1GrBP
Still Better Off,0s03LdKmq1pnDIcKZ2K9Om
Hitchhiker - HI Remix,4Yr92DW5Nn8WkuF2iVRAgw
Dancing In The Moonlight (feat. NEIMY) - PBH & Jack Sunset Remix Radio Edit,2E82VLSCocIcymHDHoMHyr
Unknown Track,47FlbrwMWmaaC87mkVbwcZ
Surrender - Martin Jensen Remix,57YMEPQhEy5F5Q715mW0n8
Dimelo (feat. Wyclef Jean & Naughty Boy) - X Factor Recording,6pWzEnoUsuiTcp6odVDovx
Agar Tum Mil Gaye,19vsOlEiXqxrqA9KbQAvzA
Holiday - Frank Walker Remix,3tcp3TuUmiVjQznPgrsTN3
Light It Up (with Tyga & Chris Brown),4Q8aDd3H6LF8t4eY7So9O8
Half Past You (feat. Future Jr.),0ztHfh4CYFT1UmzTeHHIWL
Look What God Gave Her,2KqJC0koTBUyDlsMt5ok1V
I Just Wanna (feat. Bow Anderson),1cVQmBnSLjhWB67iqAXYZZ
Closer,7BKLCZ1jbUBVqRi2FVlTVw
Amnesia (Part 3),33EPuIJQwfcm82vhTGJXyj
Die Young,6EbVuwU7EnKeF2hdpViXCH
Happy Kids,3nVJ4tGeLFR6HUiz3e7qAe
Walk Thru Fire,2wQ411UQL2MRsdAgPRUstT
My House,6Knv6wdA0luoMUuuoYi2i1
Feel the Love (feat. John Newman),2VvCoqF4p46cvyVbhbDsaJ
Only A Fool (with Pink Sweat$) [DJ D-Sol Remix],7zAGKjsI7Tyz8QAfG8rWhA
"Girls (feat. Charli XCX, Cardi B & Bebe Rexha)",1YNQscOx6OqBQjxgJVhEeW
Indigo,5Xe0HWGA1cqaTJvZS2ByHo
Obsessed,3IcIIZMMS7UArJJPtEHXG8
TOOTIMETOOTIMETOOTIME,33DzKnwuBE6lfOiADwzd5E
Old Town Road,0F7FA14euOIX8KcbEturGH
Kill Me Better,5ohyF1TaL2ks2mrEJqLtfs
Big Mistake,2q6rtgB5OoI817jqeKMXs6
Shine,2NU0wWf39EJS171lDRwB6d
VIDA LOCA,0Ph6L4l8dYUuXFmb71Ajnd
Change My Heart,4Yg61Q6Q4kT2SGFcDEITyb
Thanks I Get,1XfKDFNw1uIgkx8Lj8MBm7
Sally Walker,1bPoQ1zaUWZmiYrckwfulU
Woke Up Late (feat. Hailee Steinfeld),4oPWkP9zQ5ANBbfdHGOvKF
Say What You Want To,3XNqmhYrChOyqSZOy3flg7
All For Love - Luca Schreiner Remix,6dzyIO2KpLofsypXbLGOWw
Narcissist (feat. The 1975),4qjLvvBh5ZeKEPyShKRf06
We Can Get High,0Vct1PkjAYGH2X4iwNVR71
Don't Say Goodbye (feat. Tove Lo),0GTPmh5G40joBg93vcSQNq
Praying,0jdny0dhgjUwoIp5GkqEaA
We Own It (Fast & Furious),00QyLmjxaSEE8qIZQjBXBj
SAVED ME - Acoustic,6KDIJX9YKZqWHjiz5HekEU
Find Love,47cRQpbPqxduNAsjodppRF
Lips Are Movin,6gj08XDlv9Duc2fPOxUmVD
Bodak Yellow,6KBYefIoo7KydImq1uUQlL
Back To You,3CyrVEkcaJdSh8cM8IcRdD
My Little Alien,4TcNfkP0ORst9F7pC496EP
I'll Wait,6Q3K9gVUZRMZqZKrXovbM2
Deception,6Y4rDNttdC0T5hDImzjaSJ
Mad Love,0jJNpY616X5KgEWRLuxLFi
Dynasty,37G4GK7vIzFjGWsDTWcA85
All Over The World,7psAMS9VACNOP4kmPbRqXY
Heartbeat Song,7FC9Lng8iXU081lbigu8m8
Mi Mi Mi - Radio Edit,0pqCMHN3IVkBDlWAg0kiVa
Yours,3rPVtXLBfJz59U1LgrGHhb
We Own The Night - Jon Dixon And Scott Mills Club Remix,5qeN8s8bK4dV4SWMZtkU6Q
I Want You To Know,1JDIArrcepzWDTAWXdGYmP
Alejandro,4lwavw59UjXUPJZtKNdFYp
Blow - Deconstructed Mix,1EUU6kR9ibciRlPfDxSVu2
What About My Love,5IytiuFN0EJrZjYHtntTfQ
Feel Me,4kELKaXaNP4EQR8Q8xNIID
Don't Kill My High,09yhMTRqQ1I1dniu3PoIQi
We’re The Same‬‬,4rJcxFOljjd2sqfgIjksTI
Scare Me (feat. KSHMR & Karra) - Chico Rose Remix,2bynw6Zc1Er7Zf9qm0ayDP
Talk Dirty (feat. 2 Chainz),6g6A7qNhTfUgOSH7ROOxTD
Show You Off,190jyVPHYjAqEaOGmMzdyk
Clarity,60wwxj6Dd9NJlirf84wr2c
Hurts So Good (feat. ROE),1lsCPv70shPzEdoIYmikCd
Coming To Get You,0NFzM7qIEu1LI4pHgP2hNy
Rockstar,7ytR5pFWmSjzHJIeQkgog4
"Baby, I'm Jealous (feat. Doja Cat)",5r0cOO77xkM5jjHk67Z2Lt
Summer Feelings (feat. Charlie Puth),49dFIRQCQxPWgoH0m38XQ5
Bruised Not Broken (feat. MNEK & Kiana Ledé) - Merk & Kremont Remix,1Pqu8oSWwjq2uhMsMf3PBL
Never Alone,6kKIcMRhwxJ1XTnfapaqhL
Go Somewhere,71rHHK9L22rVdmofJTjuSd
Take Me Away,46DKKl6KAUKwnMUE9M86UY
The Reason Why,4OTwltj2jymfgKOQBnCRw6
Not Ok,06V8tMMLJS1lNNejvWFzDt
Freak - Joe Stone 2K18 Edit,2xbRwcylUnX881qaqf5ZZJ
Save Room for Us,0fj8OHLYnonkhlJsqmK2Cg
Drowning,1f5cbQtDrykjarZVrShaDI
Pet Sematary - 2002 Remaster,3nDCRsKhV3R53tNEBj4M1S
Sweet Little Lies (Tritonia 333) - Disfunktion Remix,2tD9wE7JCxSCQEoxFsR5nG
Scream,12eMQUn2GzfsfsQLH53M19
Be Somebody,33MnSYLvtOrbj5zwfioEiH
The Middle,6GG73Jik4jUlQCkKg9JuGO
Attention - Lash Remix,52sWQ3GYSoOVBhEjSxD9Zf
Bye Bye (feat. Ivy Adara),676eXXtx6I7yxaDfXvMpjK
HOT,4xdBrk0nFZaP54vvZj0yx7
Hate Me (with Juice WRLD),6kls8cSlUyHW2BUOkDJIZE
Let It Be Me,56AecW9Anb0CY6HpgWvcg9
SOS (feat. Aloe Blacc),2x0RZdkZcD8QRI53XT4GI5
High Way Ocean,6Z49SKPEOn0BxOaffLLKsT
Dance with Me Tonight,1FSWSs9CL01RCYxXtm08Rf
Cold Water,7zsXy7vlHdItvUSH8EwQss
Sweet & Sour (feat. Lauv & Tyga),3ZWhRS2EJVL5B0IEzkcvZa
Muevelo (feat. Wisin),5Ra1n0XZPneh64gdF3Jv0g
Waterbed,1x5M7e748IC3LOejjvdOia
Strip That Down (feat. Quavo),29JrmE89KgRyCxBIzq2Ocw
Savage Love,5T490vvoFNU6psep0NPmxs
Flames (feat. Ruel),4JiuLIWKkLH2iluzOhXh5Y
No One Compares To You,4cZ3UsiKd1kUQIaq4BFIj2
Antidote,1wHZx0LgzFHyeIZkUydNXq
Komodo (Hard Nights) - FSDW Remix,13p25R3V9A2v2nJnLwNKS8
Titanium,0lHAMNU8RGiIObScrsRgmP
No More Sad Songs (feat. Machine Gun Kelly),0U372D2pbraSnrTFxSYlNj
Open My Mouth,35d7zEy4yKgQwrmlCy69YB
Make Us Never Happen,03ARE7xKtbCVV2GE5j0IWq
Grey,4iSHIHjbwqztgHdSeTjuMN
Run,1l0wPhFZP1kWkZNQrrYrGy
Alarma,7BuXT5UQpQmXYIbPEn3SjO
Chemicals,2XMXsM29VG71gcKokMtsK5
Devil Inside Me (feat. KARRA),6h7MPC2hBJHJQuobsRXqwF
Just Got Paid,0v3BMLcwUmAwyqJaf5997o
Angel,4g1Ant3Me43Cm5Lx91bV8e
Scooby Doo Theme Song,6DD5beNG6Ji3AYp5WrYnwD
Pues (with Luis Fonsi & Sean Paul),0H4olUjRf0vXXuQkpKnJmr
TONTA LOVE,6OqyEdTrKOLRa4MDLNO34U
Highway to Heaven - English Version,1k2TGLGvgvsmjCvaGBwYc1
Ocean,5Mw9bXG1dLNhbjofkVS2oR
Never Gonna Forget (with Diplo feat. Elderbrook),68GFN13nt7FkVT6p55TTON
Exes,4E63weMCaNZuGPEFMnuEi8
Look At Her Now,7eOkHIcaoUhngxxypM5Ajr
Resilient (ft. Aitana) [Tiësto Remix],4abn7Lc3illnEHFc9ki6x2
I Love My Friends,50lvjbLuOT0pXW8JFLXGqd
Crazy Kids,1sNctqVr9zdS7i1RZNjIgY
Don't Worry Bout Me,70wMUMvRxrqAujGsV1TRCD
Be Like That - feat. Swae Lee & Khalid,5f1joOtoMeyppIcJGZQvqJ
Love Is Religion (The Blessed Madonna Remix),1LEHndIydBAjB5ZSQqxPH5
Start Over Again (feat. Vula),63ihmOkC4b2lsglpPG9GoU
Hold On (feat. Cheat Codes) - 2020 Edit,2FGh2ref26EwA3Z5st5oHb
Personal Problem,5sfeKt0nDV7yS7g7ZTzWdb
Hope,12cZWGf5ZgLcKubEW9mx5q
Always On Your Mind,0Mzt2oHbATAQKod8aAu3WU
Ep. 3: Man of Mystery,71FhGkWq9RExNvZrRcGi7q
One Dance/Hasta El Amanecer - Mashup,6WS2Wb3H4gXTvJ0ntagxqu
Shoulda Known Better,33UmbwOUVqtOnDoiWzFYfV
Ur So F**kInG cOoL,6KiEsqGg0HBOSMflVH7Onx
Ilusão (Cracolândia),6WXglvTFRmjlHHhgjYMNif
Hello Hater (feat. Bori),517LSoQrYCBFxPoV7jWiVr
Hoodie,410smJMzhna1ADC2ldqVHu
When We Were Young,7GgWAITsYJaRM3r50rfh5w
Let Me Move You - From the Netflix film Work It,0roOLcll6SSTYZwsQFmXqP
i miss u - Chaya Remix,4q23KGI0M67tdQk8A5LVnz
C'Mon,4bO6IzKXMWhmncfIO9GBq2
I Luv U (with R3HAB) - R3HAB VIP Remix,3wgHRiN7KQHoKGlUpEbXH2
Pressure (feat. Tove Lo),4ga4WvRNhMsIL38pkBbnIN
Good Life (with G-Eazy & Kehlani),0ydclOeBAOXAYJJOmMQfDx
All I Wanna Do,2PcJoVkfjcbvoqBxV1Nj7y
In the Name of Love,23L5CiUhw2jV1OIMwthR3S
Slow Grenade - Syn Cole Remix,2eQ0KgjaudX9rEe7suSrtg
Where Is Santa Claoz?,47fyMsfrTCPXi8jlyOFrFY
So Sorry,4o74y4XY1ypNZkZtZkK8Wi
Love Myself,4Je4OSUhDmrG9MYMH4JVez
Ep. 9: Far from Over,17LC4vqcTMSjNi8h2Gdqhe
Faith,3orEOtd8CPL8GFlpRpKuoE
Waste Your Time,5YwxSa50wbOB8bw5jIllgk
Younger,3BprrMTQ3IlFvHW8oFTTQ1
GIRL LIKE ME,1zLBsSVxETQOfINOLYvT5m
You and Me,53QA7j4pHWAtbE3D0Glh7Q
Fight,6KigD0mlF4VGDYiSEzAyYw
Say My Name (feat. Bebe Rexha & J Balvin) - Afrojack & Chasner Remix,2Y6I8OVTgvz1Yuch4oQJcO
You Do You,2YuYM68UXaTkoj9u35R4eo
I'm Not Alright,7JGHawrvcWIl3SqQAJpg1t
One Life,2RK1l3XBrbn0w8qUiyCeJW
Together - F9 Radio Remix,0iHmK2jcMhk8juTjjbfMkt
Raising Hell (feat. Big Freedia) - Justin Caruso Remix,71f9sj4aDlIAvvclW9365W
Back in My Arms,1FlAMUpKrjY4NdaqsXjl1w
Undrunk,1Pj5oOFzLYELyyeh1IYRK0
Adrenalizou - Le Dib Remix,0sSPC2TsbqGTDM18jUDJU0
Ep 3: Lies Speak the Truth  ,
Something Just Like This,6RUKPb4LETWmmr3iAEQktW
Lights Go Down,1Q16e4deTgk4Q320yIfl37
you should see me in a crown,3XF5xLJHOQQRbWya6hBp7d
Days,56kocFnAY5vjFJdp2WP7S5
Really Don't Care,5vTPxzm4h2bY9rYyVrGEU5
None Of My Business,2SPEg45ZaUFJCg9GwNmRvw
My Best Life (feat. Mike Waters),78XfOXpUShe7mFwhjBEd94
Close Your Eyes,7aM6WvuAOcb6moeQDuG2Fg
Feel Again feat. Harley Bird,2zcbGaEOHtFHYlT7cgdcDU
Nothing to Regret,3C2xQqHVkhA1Ht17SzPRke
Told You So,5Mkx4iSwoyUEX1qw1UeYVf
I'm the Santa Claoz,48PfM9HJ5CKQHP89DahiHn
Say Something - RetroVision Remix,7MwoGAOLI3MnEC7mGFOYcW
Evacuate The Dancefloor,4Zfq7r0v4FKeoxwhyLYSyb
I Just Wanna Dance,7zirrBlMqY5UD6DIQa0Lut
Penance (Part 3),3730WS6eIrRlsUntE5eAPQ
I Want You to Freak,62hK2OalNLhutnAShdq8nS
Side Effects,39doHPm8Vsicb2kuD0weyZ
Messed It Up (Chez Remix),7x7XvNuxdtWs2sLFc1wsBm
"Trailer- Welcome to Death, Lies and Cyanide",3MSuo4vHv2zMTPomERER6w
Drop In the Ocean,5JDcQAztvZTIkrWoZihgvC
Amnesia (Part 2),2CRXFBkRh0V7FZL5kuiqdO
Ready,2yLa0QULdQr0qAIvVwN6B5
Thank You [Not So Bad],4sZPnAdiIrjU2I5pUzYxSw
Back Up Plan,1X9ZZe2DhruZJpsV8Jv3Ij
Don't Let Me Be Misunderstood,7vYA9ET5AUqJt5pBbhKmcB
Another Place,2Fn4gZI3MAeWTiv7cSVxZQ
Celos,33zcmmElV1YbRZe57biUjg
How to Love (feat. Sofia Reyes) - Arty Remix,7ldQnlsTENn942WgBFL267
White Lies - Guy Arthur Remix,1FoMWISq2KNqKappkrG5Yo
Full Control,3VDc9l2LmtiXIpdV2hYLsg
Body Back - VIP Remix,3iTZ5Fm4nDP8BNnBhg8RR7
I Don't Care (with Justin Bieber),3HVWdVOQ0ZA45FuZGSfvns
Greatest Hits Megamix,7pf4fveVxB7uQQhP9sYOSO
Shed a Light,1eyrmeiDpdTkOmA839nPVQ
Contact,2KHRENHQzTIQ001nlP9Gdc
Can We Pretend (feat. Cash Cash) - Sigala Remix,1k08GK7ox8SDmEMvn81TwU
Can't Let Go (feat. Harry Hudson),2wlJujDcmEpJ4egO6Sx56w
Levitating (feat. Madonna and Missy Elliott) [The Blessed Madonna Remix],0pk1hxhJLBSZZ5RKBhcwOa
Generous - Martin Jensen Remix,1cvV7wnlnfLbRqTtOXb3ea
Tears In Heaven,1kgdslQYmeTR4thk9whoRw
Get in Trouble (So What) - Timmy Trumpet Remix,3PMpFfU2bGnhwotprL9ylW
Up All Night,4fZ07aBMo69QTEKo4OC4Dz
Lost Soul,4mZ59jnHHvm3GR3oOwRwjA
25 Hours,5ia8VbDkfzWBjC6f3bOTt1
When Love Takes Over,77FULy278MulVvGWS8BfK7
Good Dope,2YXEUNdnNLtFuf5gi3LnWm
End Of The Night,46n9OJc7LOIVdj8t2l5WA5
Space Melody (Edward Artemyev) (feat. Leony),0FRavXSn6XmeItbuJR3VrR
Tell Your Friends,1mhVXWduD8ReDwusfaHNwU
Ep. 7: Little St. Jeff,2joTW8X9ts240ncFXS9d4z
Ay Mi Dios,4L4MttVsY1WaxSDzFiQefU
High Road,1Jhq8oox38ITo7S7n6ulmu
What Do You Love,4aB4udr3pcJuENmfDitPSZ
The Missing Babysitter (Part 1),1deALy7eIiZSgef6xyeICq
Brave,6Uy6K3KdmUdAfelUp0SeXn
Dreamer,0RxRl4Fx5YQ3jLPrse32Sp
Fade Out Lines - The Avener Rework,2y2TNx72H4oE01TkztsAR6
Holy Water,1xI9KSGNJB2eka8FMvovvi
Big (feat. Gunna),78oZ26xvmtCfarveRXs3dq
Love To Lose,11lFSEnkj3810ojPLj53RO
Goosebumps,6gBFPUFcJLzWGx4lenP6h2
Bigger Than,0BiqmkasE5FdrChwKfVp8X
C'est La Vie (Explicit Version),6wQYKyGePaqstYov2C1S5b
Right Now,1dQQ2QlnvXUehsRUrukKmf
"Jennie (feat. R. City, Bori)",7uM7YZwNZqdDMG0NfGhmux
Dynamite - Midnight Remix,7MRdjWiq6wu1bFqlnqve5q
Just To Feel Alive (feat. JRM) - Remix,3VgC5iENyVCL72ibr8iJIg
This Groove - Codeko Remix,0iIF71yQUh4V3w5J00ob7K
Do Right,3FQwFI6JMYDR1kW1LEnZ1a
Let Me Love You,0lYBSQXN6rCTvUZvg9S0lU
No Sleep (feat. Bonn),1ahVFh0ViDZr8LvkEVlq3B
Find the Light,7jhcBzFm4W2UpFPa9fZFlR
River,1cS0TgbR263ey9jn0MwD2s
My Head & My Heart - Jonas Blue Remix,7x74XLYJqptDCmY4y3FaVh
Make You Mad,3o4MvKnqwaANjHpsM4UMD0
Only You,0S8ibKBl3tjRmYbZhGHNhG
Fool For You,6gJkrYx9i8dZ5mJb2vbAnT
Feel Good,0d28khcov6AiegSCpG5TuT
Singles You Up,4LiMQ6G9n84rDUBs9wtwz6
Say Yes,6GGtHZgBycCgGBUhZo81xe
Old Man,6grFWYpLQul3nAHjzzPKT8
Dynamite - Bedroom Remix,70hNTQkU4hogweDWeMLaWT
Shower,3DmW6y7wTEYHJZlLo1r6XJ
Paradise (feat. Dermot Kennedy),6ft4hAq6yde8jPZY2i5zLr
Roots,4GITtbZtRCQXhWLMXrWXHt
Rise Up (feat. Vamero),46lyJh9GYmWsHez3EsvmAx
Black Magic,50le2HSqQAIqB4BGD4cE9e
This Ain't Love,0Lvzyxvpd0NNf52Wp8zV0u
Be My Now,6hfNsCnLZyEgDivKqZZntN
Love Of Your Life,5iqfKcEGKhoeWTNqmZPiu3
Without Me,7lQ8MOhq6IN2w8EYcFNSUk
By Heart (with Londin Thompson),1pOlNMGgYPfXbp6sWphTPo
WOW (with Emma Steinbakken),0N4lXR2IB0bVwQjNQzDPKy
Tick Tick Boom (feat. BygTwo3),16SmeUUNOaUTVjFFka3av1
Actually,70HmF2bXuw3hUf5pLpHVZn
When I Was Me - ShiShi Remix,6HoXpEnhzeDpz7gYgGaYF0
"Tough Love (feat. Agnes, Vargas & Lagola)",1yfyIdEw5U2bD5I6gxQCxW
Old Flames Can't Hold a Candle to You - Deconstructed Mix,2HsiLLmcUkFx8fSa3moFQe
Try,1jF7IL57ayN4Ity3jQqGu0
365,5h68SoVFGleijCtjEja3xG
2U (feat. Justin Bieber),61WR5FfGNLJxpLsAc61qWQ
"South Side - From ""Alvin And The Chipmunks: The Road Chip"" Soundtrack",6m0nBnButdba95K7gwLAsl
End of Time,67O8CWXxPsfz8orZVGMQwf
Meet Me Halfway,6wOYnPq1hPihRepcDClPUw
Shake Senora (feat. T-Pain & Sean Paul),1LomM3L6atrf79ZL7nHDp4
Insomnia,1L7lw4wmGbK3369usZUqEq
My Way (Steve Aoki & Aloe Blacc),6erkpZQTybn4REykNO9LPP
Don't Leave Me Alone (feat. Anne-Marie),2lYTJK94hb0fd1LQtb6Dhk
Goliath,3TdQ399gmy71IUdz3DoaO4
Goodbye My Lover,6gxycjJNMgmAyfzUXBN80P
Girls Like You - Acoustic Version,7N3AhDWL5giigdVozHAho1
Everybody Knows,34b3PCTLUISY153eb2F72k
Long Distance,6ih6vYggeYPomAbJupA4hA
Like This,5b1uZnebDRcR8XuBsDTPiO
I'll Be There - Cahill Remix,7gEbuXht8gYcA5OdN9zUpy
Getaway - VIP Mix,6yoa3dkJWyxpSyVs5QAQn1
Best Day Of My Life,5Hroj5K7vLpIG4FNCRIjbP
Ride or Die (feat. Phoebe Ryan),5vlOmC9rYZKO69KYkcX8va
Thousand Faces,4m4dmiW49WkRkSWliJ5Zoj
Back To Life - Scorz Remix,6GCqBheGSqx8fukHbhMoc4
Wanna,0Izt8MdEU7zDy2hDsm5YkH
Dynamite - EDM Remix,0GIfKnZxlWAtX7P3b8PYyP
OCEAN AWAY,6A8dnC0xkiuWN4BshmTB2I
Sleazy,5cx7vkF8BQ0iOsVpfvZbnz
Funny,3p2Mn6QOSV1UzA59OSUm8h
Bruised Not Broken (feat. MNEK & Kiana Ledé) - Tazer Remix,5cFn2UCxem2wOq0ZNgmF8z
Activating,3pazCuwZT3PIxjCiWEZdfY
"10,000 Hours (with Justin Bieber)",2wrJq5XKLnmhRXHIAf9xBa
Magnets (feat. Sophie Simmons),0jlpHhGUFn4aAWLsRRnwep
Leave,3EtyEzMpfKSaoVhPunvbRV
Stars,6GRMKQ3RrivYgLEO6h7ebu
Make Them Gold,3Sp6K9ORbzNmJ56DYuFJ7w
Don't Stop The Music,0ByMNEPAPpOR5H69DVrTNy
No Limit,2DQ1ITjI0YoLFzuADN1ZBW
Devils Don't Fly,1OBrEfDbOdV0v0L0iiOu8h
Rude,6RtPijgfPKROxEzTHNRiDp
Amsterdamned,2k4WuXHm3dnC7ccWF82cWy
"Honey, I'm Good",4Tt6GiWS2V9sQjZjS2xjp2
By My Side,30GF7z35HmF4dcKROBifvb
"Flashlight - From ""Pitch Perfect 2"" Soundtrack",6SkoBaMd0lzoQjID5aV2d9
Pompeii,3gbBpTdY8lnQwqxNCcf795
Breathe,267nfLfaSSDa9ivHncHynh
Love You Better,4XJRpBOG0bU3Nxnvam3FnC
The Moments I'm Missing - RANJI vs WHITENO1SE,4YQPa47NDfRm61QrDWKazv
Hate Me,6kls8cSlUyHW2BUOkDJIZE
Hey Ma (with Pitbull & J Balvin feat. Camila Cabello),2Vdub5mY4lad7w64bFPUez
Love Again (feat. Alida),63bWXWGcWnRQvdS8bJWdkB
Carry On - Möwe Remix,0WmonTquVmCSJMkxsEbipN
Meant to Be - Acoustic,7bu8i7HwACY0m1H5lXFSpw
Ecstasy,1JgknGBbrfmEHeOZH051SS
Higher Ground (feat. John Martin),0rohJsT6NWsThpukt0Xxdc
Chasing,4f80SteKqaB6M2JytEUrwT
Naach Meri Rani,1orM67pmkNc4alrZkWjYkV
Roses - Imanbek Remix,6R8QsHsGwOiRyI707yxTFE
Stronger,0j2T0R9dR9qdJYsB7ciXhf
High Hopes,1rqqCSm0Qe4I9rUvWncaom
Gizmo,1cOnkjatYqopUe2Ka9fjOo
Backwards,2Q8SDquWsdCfxlkMO3YECO
Thinking of You,58wWZX8a2sRCe213b9hjG5
Face Up To The Sun,1rWoVZYprb19V7qDTXhpJL
Fade Away,4TyCnstYu6LGrjka5WW6ft
Who Says,3TcL0dyCMyr0kyTTc4NLgI
Lie Like This,5yCXLEi384DHGRXYMXgjBR
Back & Forth,45wneA2j0Z0WMnYNDO6Ad0
Princess,07squf0xpI7hHUwZ4hezKP
Unsteady - Justin Caruso Remix,3Y9smXGzIcoMzg5UhItDqh
Happier,7BqHUALzNBTanL6OvsqmC1
Dinosaur,6RyAmkJknlZ8eL0Pm4ZLFS
Stay (Blinkie Remix),0HQlgAyTXnZ9TJU7SA4xj6
More Than You Know,6h5PAsRni4IRlxWr6uDPTP
Takeaway (feat. Lennon Stella) - Andrew Rayel Remix,16QhpULFOW9fE2yvXsJV6A
TIME,6MxMqCgqmekcr0VwSU7AVH
Shot & Wine,1M1k3Sxtf7u8Zj3eIzrJm0
Lullaby - GATTÜSO Remix,6fjHnzGvdI1zOwoF4LihFF
Save Me Tonight,1nufXiTCTTAeJfO9hLHvO8
Take My Hand,0klEBUEiZzeBraBRRWjvhq
God Is A Dancer (with Mabel),6fenHIxXuuzKB55wY4WCHP
Pretty Girls,1A6szOUMGCxIBy6rpxxbV1
Ready - Set - Go,57Fe6xAsRHARo7JvmBcGol
Me 4 U (feat. Sarah West) - Maywald Remix,5TSta8GNfO05GR3JShVZLg
Love Like a Show,4vAUbiGW4sj7VOZ6B9Lrad
CELEBRATE,2qyPusQAEErHVFgBLW4BzX
We Found Love,6qn9YLKt13AGvpq9jfO8py
Little Bit Of Love ([Virtual] House Party Mix),2HheJY98pDigi8mJOUPcEN
First Class Jazz,5IrbesAJuMbOooeJZXI6qs
I'll Be There,4r1CoAATVuxag55Ct3Y1aX
How to Love (feat. Sofia Reyes) - Boombox Cartel Remix,2FqVzWFKR7qmztn81ynKtM
"The Business, Pt. II",0SZPXD0uEl72YjUVY2K3E9
Learn To Love Again,1mKXFLRA179hdOWQBwUk9e
Stick Around,5VSlplWVGj9b3HBUJ7Gsnz
Show Me Love - Dimitri Vegas Edit,0W7RIKVUEj307xe1zYIgqx
Worth It (feat. Kid Ink),41Fflg7qHiVOD6dEPvsCzO
"Colors - Coca-Cola® Anthem, 2018 FIFA World CupTM",7wD6iRghe6SnKHkvHqpnC5
Take Your Love,2kgCKcCRALfxGBr3Dv7XsT
Millionaire (feat. Nelly) - Alan Walker Remix,2SexyIISEw8wdzDx61YdYb
Nowhere,25ztWl3oJ8EiYTXW7gn3Kz
I Got You,0jbludNUb0EqbuTsnRpRmE
Broke,1Iu2xRcZGoVRJ57Jo5BAzZ
Bruises - Steve Void Remix,4raMIjIjMc8JohHth7l9lG
Got to Be,4p2HhC8KX8pGLyNDQ0Ednd
Hey Baby (feat. Gia Koka),02T6bjdQaEHp0wWWvPPeWo
Classic,6FE2iI43OZnszFLuLtvvmg
Stand By You,3kSXn1osC89W8JcPLozTzs
Gorgeous,1ZY1PqizIl78geGM4xWlEA
COULD HAVE BEEN YOU,16euiu0Y2PREK8KvhYHcSW
Samsara (feat. Emila),04xLp87480JkyiHIiWgj8I
It's Gotta Be You,6cAKeFFYW2aClZSUyvqAEW
Can't Let You Go,6lrRIfQDcikJ5y5DtyZPuJ
Roses (feat. ROZES),3FWPoYBDserKdzcattMFGa
Good Thing,6pooRNiLyYpxZeIA5kJ5EX
I'll Get Up,2x3yNWPBRafeJKSCGDG18J
Shadow,4xTgbiXPiMy4u4veI4j9tk
Que Calor (with J Balvin) - Badshah Remix,3lGgJVBAO2pkNhuY4oH6Mf
Reflection,2xql0pid3EUwW38AsywxhV
Shape of My Heart,6CKoWCWAqEVWVjpeoJXyNH
Heroes (we could be),3zU9rdflI65tK4dkkNSp77
Rescue Me,37LNNQNbL1YLyutBG6aWRx
The Code - Extended Mix,7CEVcVpVPHyRMPV7gAQWpn
Savage Love (Laxed – Siren Beat) [BTS Remix],4TgxFMOn5yoESW6zCidCXL
Good Morning (Fabian Mazur Remix),5CJr38RUpXugMIUt2LvkbW
Beso,609E1JCInJncactoMmkDon
Walks Like Rihanna,4i1yHB5Q9PhtWlWCplG3u5
Heaven,1HXy5I3HTWq8OvxCn0z7G7
Super Far,15ahYSiHAIMxAnujlXVtta
Bones (feat. OneRepublic),1pfgsjmxVZhoZpeDx6POKv
We Don't Talk Anymore (feat. Selena Gomez),37FXw5QGFN7uwwsLy8uAc0
Your Song,38zsOOcu31XbbYj9BIPUF1
Nights Like That (feat. Georgia Ku),1FHZyJ35kZ8DaLVOlhOIYK
Give It Up,7wtyoTQXrHkHj1iOyUJ33B
Roll in Peace (feat. XXXTENTACION),40oKW22ZNNkEdZLJTScaQI
Don't Let Me Down,1i1fxkWeaMmKEB4T7zqbzK
Lonely (with Jonas Brothers),6eXFl418w8hsxKcLgv1jwJ
Unstoppable,1yvMUkIOTeUNtNWlWRgANS
Go Big Or Go Home,1obisQNOcikRvTdStbW3pG
All Day Long,1g3ErLqysBJ5EIGdYYMWFZ
Lola,4Mpx2edA7Dz3yxlfNqVlXu
Narcotic,18OUjbqMelzNuBy0F2bKKe
The Voice (Mixed),0avB9GZipXo1OaxKMsmWqH
Fire In My Soul,0dKDwt7DP0uH4XyGaVMtVP
Aftertaste,3ilt7lMNflb49pEDpcZPAa
Crybaby (feat. Theron Theron),6c1CQyRNPwpG7KlX4r1QRi
MAMACITA,4cQAhjxynTUlhVUJN5yhUb
Seventeen,5hzrmJKIS2CHmvlUWkdlYy
Poppin Bottles,2pwPtne9zCNTsyYZDLHxDf
No Rest,3Pzh926pXggbMe2ZpXyMV7
Friday (feat. JGUAR),1Bs9jRUjt9ct4YBVNGOrNN
Animal,56sk7jBpZV0CD31G9hEU3b
Start It Over (feat. CVBZ & Shy Martin),2i5hQ1RoA0KCzVRXjktJoo
Sin Contrato (feat. Fifth Harmony),09S64DUkxIX9EwIaULu6yN
Show Me (feat. Chris Brown),4q6dqyGM25sKFU8nYAGRe4
Wannabe,6cVD6OQ3ZRAjcTkyrUCIYZ
Dancing On My Own - Acoustic,7tOAtB2F50KXEkw86frba6
Heartbreak - Dzeko Remix,2K59gbYozSNac1sQiK99Tm
All I Want for Christmas is You,0bYg9bo50gSsH3LtXe2SQn
Closure,3pt2acuxLXvIGproniPoq9
UFO - Radio Edit,7azVJ6AgvPLOum1tppactO
Lasting Lover - Acoustic,0TGU6ELkO9MRv7aHL3QVrl
Supernatural - Deconstructed Mix,6oIbm8rhKRg214ze5EeR0T
Children of the Revolution,3P4uUs9X0cPw7rf37NTndV
Storm (feat. Kyra Mastro),24zBAv8qCvjOy4JSh8RYVE
How Do You Sleep?,6b2RcmUt1g9N9mQ3CbjX2Y
Que Calor (feat. J Balvin & El Alfa),4kWjdgFMPEazSpFcryNYja
Get To Know You,3oiLlbBynuErymca4Dwp5H
Selfish Girls,3y0tQ7b8FjoB8THX6LmJh5
Crazy,6o1l9I0faXJN2iqulHrdCQ
Breathing Underwater,1BcRZmZZyqZFC4c1jwdmNk
Um Brinde pra Nós - R3HAB Edit,3PnsyJ7RvxHbzcXXtHpuF6
lowkey,6iSgJHz6m1XOszvVuBVnqs
First Time,4s9eMbBfWUDtBEFHC7sNp7
Left Me Yet,6k2t5GhwOIKep31iyJ8S0L
Happy New Year (feat. Love Harder) - TELYKast Remix,6ziZCUPDx9qCbUdwzAJJ80
Ruin My Life,5tAa8Uaqr4VvA3693mbIhU
Talk with Your Body,7yPcAO4F6ozQi6lTi3n3Ai
Mermaids,5Iybkap8IdZQVOeQmaEap7
Lonely - Acoustic,4fKiuIavbsoTRZ6R7xuAyT
California,6KOEK6SeCEZOQkLj5M1PxH
hate u love u,7vRriwrloYVaoAe3a9wJHe
Maniac,6KfoDhO4XUWSbnyKjNp9c4
3 to Tango,3Bg3BUIbvOr17CS89Ga5G1
Morning Raga,64gYFKJaNwIKQ31AFYMaPh
With You - Frank Walker Remix,06Z7Hy2LUzbcSFmWzwkun1
Yikes,1qsHYUd2c1wFGcn7e63QmG
Savage Love (Laxed - Siren Beat),5T490vvoFNU6psep0NPmxs
Kamikaze,2gsNpSn7VvvJuSrIDfRoYy
Year of the Young,34hTNaJabBsvep2uCmfl9X
Te Vas - Maesic Remix,1xbOi8uI3sM3ALJHevLI70
Kehnde Rehnde,5Qpmltb2sGwXiGWZEGR7TP
Tusa,7k4t7uLgtOxPwTpFmtJNTY
Acredita No Véio (Listen To The Old Man) - Galantis Version,7xcNCekHtd8xR6VFTgspWL
Ep 8: Too Young to Live,3mDxQH0IASgb57QgEktowD
All You Need To Know (feat. Calle Lehmann),4Gcv5SsxnQWpmOnUI19EJk
Red Eagle,3x3WSbJUwAWVpvA2U6B3dC
Just Wanna Run (COE Remix),25b878UXgAj2RURwy2eG6p
I Like Me Better,1jXfVzMk8cSbvAXMML4Y4f
If I Was Your Girlfriend,62a0gOi6Far1aNL15p63XZ
Blackout (feat. Tory Lanez),6C2DtfKztUhE0UO2Va9G44
Gettin' Dumb,1fAOphVtKUbmTk3u5e9w4P
Josslyn,37ZKB38iNyKJ0xYEz9SJgk
Visions,5wbNHLxgWBpIXAmJwRTaxY
If You Love Someone,2JqnpexlO9dmvjUMCaLCLJ
Alane,2u6Jm2klS4yvAlbSHlxUwI
Dancing in My Bed,1ueCg1U8R8592CpGzO7LJp
"Amor, Amor, Amor (feat. Wisin)",7h9sdbDEBfkWSmO4mzGED6
How to Love (feat. Sofia Reyes) - Hellberg Remix,67RPPFGOI7tw12T4kF71Mi
Be Your Light,4PfJJbmGkRT0eGaLtjPqt6
Don’t Give Up On Me,0fiijtFXDJ9MOVwgSaEQJ5
Deep End (feat. JHart) - Eden Prince Remix,4rgtPGf9Vp2aWiM0NooJvE
The Night Is Still Young,4bBrKDo8rchikwZOtmXbIH
Not Ok - Frank Walker Remix,6VP3410weACXiPCVLKSkOb
Us,2N6OKoPGG9UzBoYDxw3b3j
RITMO (Bad Boys For Life) - Steve Aoki Remix,6cg7xTJ0KnJS59h5RHWZ6K
Kream (feat. Tyga),5mu1uv8RmzDkF8foePK5qa
Wherever You Go,51uEeUnUjj2wntxQyt0FrD
Wildest Dream,59HjlYCeBsxdI0fcm3zglw
Running Out Of Love,7BjwOpg3xCcSYyKbnNAbyE
Boom Boom,0BAlC3pMYdzmk0DQ3pYus2
La La Light,3mQKWiSQjMKNEgBo20GAOb
Good Old Days (feat. Kesha),2Za1AlJNvksouPPWbXpR2X
Shape Of My Heart,6CKoWCWAqEVWVjpeoJXyNH
Thrill Of It,56oGoEjA9eTZYgsttEFKY3
Attention - Acoustic,4I8s6vwzHT2geqH91w2Dyg
Jenny,2CASGo9Wmd6Dxrq3ygnRjf
Need U,5FkBoG7xkb0pPkaO8rS5td
Where Have You Gone (Anywhere),73RTbo2nzGjuhuAPqj3AgB
Cheerleader (Ricky Blaze Remix),5Fi2i8rkanqEbsbfKgSm61
Too Good To Be True,27RDQ0TfxzWMlQFuKrPT11
Easier - Seeb Remix,6GIRtKNXokeu25nn7U6Hu8
Rapture,3thB8qaxyKtLJ7ao1NpkRB
Ocean Breeze,18HdXwnbRma313PJ9iuuLy
RESET,19yscu9T9f4LDE1L0f9pSb
Break a Sweat,28r9sD2b6FluK7YHjTJ0fl
Hips Don't Lie,3ZFTkvIE7kyPt6Nu3PEa7V
YOU - BUNT. Remix,181rLFH2I8gFrbGH9NqD5N
I Don't Belong In This Club - MOTi Remix,6XUH4PVIMdHD6kr4ZXnU1X
"Give Me Everything (feat. Ne-Yo, Afrojack & Nayer)",4QNpBfC0zvjKqPJcyqBy9W
Bad Boy (feat. Luana Kiara),64p6ua7zpf66s62StC2QLv
Favorite Sound,63ZtaTHM7Cu3JEca5xrWi3
LA On A Saturday Night,0dbp9YwlGEzXmxavRMgZ4T
MMXX – VIII - Kornél Kovács Remix,1ksmFIaVkrQ3mB3JmZqihe
Feels Like Home,1iVY8JWCaGPtr1VpcQaWeQ
Galway Girl - Martin Jensen Remix,2A17f6I4fh6GqYX0J8noGr
Start A Riot - Thundatraxx Remix,0b29RCV8LpmnNht0r4LgV1
Better With You - Kastra & twoDB Remix,6Sw0DXMinATz4FTYaO9MxS
Tequila,5gJKsGij5oGt5H5RSFYXPa
Ain't My Fault - R3hab Remix,3YPlsrk0Voe8AOa1jyN891
Admissions,7n0Wnv5DHwY7vnWCkwbvqh
No Contest,4tpj2xZSEytMOfSbf6gZ84
Get Stupid,0mbP3AOiMpQ0c4gvj3uDzM
Monsters,4SykS8RWkF6eK6xeua7XLP
Pyro Ting,3ZBRjO5WVAnHZBSuUtyAkE
Running Back To You,6Kfd3XrgqJ0M50O3Z5KN9c
All of Me,3U4isOIWM3VvDubwSI3y7a
Horizon (feat. Leon Bridges),6CenzKfN5aqSMXV8yJAi43
Bon Appétit - Martin Jensen Remix,6FxPQ436lvMLhKYm3NUem9
I Don't Do Love Anymore,65SgMuyu8DvMBzLcE1D0sP
Million,5AJ9hqTS2wcFQCELCFRO7A
Run It (feat. Annika Wells),3n3Oags848AKzbYH6qz5qX
Bruised But Not Broken - Live & Unplugged Edit,1LJKXQGyuJ57xyOZAmtDsy
I Still Remember (R3HAB Remix),30eirMgaGW0OpA3Yi8U4bL
Tequila - R3HAB Remix,71FvjpgB9Z39Icf27VnEzf
Rumors,7wOqBOryVGD3nqDUihDSwL
What About Us,0Qh38w01QRXK6KHIv0e3hb
Close To Me,2GjMaJ7DacMIkgoe8oMXGg
Cruel World,1Mo9VqgQ7ubhtBmDY6dBmC
Let Me Think About It (Celebration Mix),0HpPi0i7Et7eXQZ9v8cWwt
Play,1fRadkuwHEqwMuiY5ns15C
Cheap Thrills,3S4px9f4lceWdKf0gWciFu
Lasting Lover,0DmAvNCAK08oCi7miSZUIY
Don't Start Now,3PfIrDoz19wz7qK7tYeu62
This Is What You Came For (feat. Rihanna),0azC730Exh71aQlOt9Zj3y
Panic Room,7uUahoeqGNRMbpdeiLj1rS
Sign,5Ohxk2dO5COHF1krpoPigN
Unfamiliar,2QU5VC9WgWdbktHKBrKKNX
BEST ON EARTH (feat. BIA) - Bonus,0xKBkLcF71uUQeTA7FSu4A
Feels Great (feat. Fetty Wap & CVBZ),5uu28fUesZMl89lf9CLrgN
Yeh Mi Na (feat. Emil Ernebro) - Club Mix,5Pcjasvjf3GyJcKHz1B7j0
Creep (mint Singles),44wMXyr2IbVa1e2t1XeSvI
Boots & Boys,1XewSNzDnNkkNbEBnb0v9B
Till You Drop,7aBJzGAuCYJ8r5YEaBpyOH
Apart,5vNRhkKd0yEAg8suGBpjeY
Lean On,01aTsQoKoeXofSTvKuunzv
I Got You - SNBRN Remix,085czg1ZYAzX9R9PQqSMLe
Washed Up,2A9h3EvZynC0jeiLNcnoWB
The Lighthouse Keeper,2WUVQQAsWvScEdBVilRYaR
Tear Me Down (feat. Philip Rustad),71UYuIZf0TeXAjyy72COVr
Fantasía,4iuNZTcvT9diFySSzVsnVS
All the Time,1ldUPmqrCvk6thNYe0oUen
Love Me Again,5VSCgNlSmTV2Yq5lB40Eaw
Die Young - My Digital Enemy Remix,5In280dUKBQYeKMFBDH2dy
Only You (with Little Mix),4QFJshxS9RhLR6KRE5jAGO
Fancy,3oiMJQAWVaxSubJ7b2VUtX
Haath Toh Laga,7GwEtrvRxKbf2E9dMiGxI6
Forever,6HSqyfGnsHYw9MmIpa9zlZ
Mama (feat. Ellie Goulding) - Tiësto’s Big Room Remix,3Mong1BzxMKwTZ0SbfLdcQ
Payphone,1LmN9SSHISbtp9LoaR5ZVJ
Gold Trans Am,5pOeKpXet0UPJyjjM2k7v0
Play It Again,03fT3OHB9KyMtGMt2zwqCT
Emotional,74SvXqKr7FB4jk9rIe37cB
Lifestyle (feat. Adam Levine),0osvOdeD3YXZiWkT8MKolJ
Close To Me (with Diplo) (feat. Swae Lee) - Felix Cartal Remix,5mYNWSc1AE7pWS3Ax4e8Dl
Sorry Not Sorry,0yvPEnB032fojLfVluFjUv
Colour,6gSKswfcoWvaadqvuMF3Y7
Grandpa's Groove,3lomd0j6m22YDaHgc4aKXQ
Champagne & Sunshine (Ellusive Remix),2Ytv0dhe5vPTJsC9pO7VO0
When I'm With U - RetroVision Remix,1mTNGoRN5qUSH37r9Xkvo0
Drunk Enough to Say That I Love You,4dzifrtt5uoB6Blb791hmL
Party Time,0NdkCBwfoWDzjDSwT9Of7X
Surf (feat. Gunna),6igOR5QCn09zAVF2ikZjsV
Valhalla,2nRKJI3XsWPb5d8VXwn2iK
Glorious (feat. Skylar Grey),0CokSRCu5hZgPxcZBaEzVE
Nice To Meet Ya - Diplo Remix,2r4mpuIYFgKsjeykJTQMqX
I Want You,1q32AhBbgDPdBr5VyCRHq6
Make Me Move,5ZAUiOlYURVJEJ5ktV03v5
Amnesia (Part 1),2CRXFBkRh0V7FZL5kuiqdO
All Night (feat. Ally Brooke),3hYjYoqIAP2EH2XCtFK2MH
The Life,1xLJ3vYuidvAGFZAHMKgl9
Hitchhiker - Deep Chills Remix,3bQB4WRaxm073xFXospUQR
Don't Wanna Stop (feat. Conor Maynard),1ZLrDPgR7mvuTco3rQK8Pk
I Miss Myself (with HRVY),5YkmS18BehACOhIIeUqe6l
In The Middle,09IStsImFySgyp0pIQdqAc
Take Care of You,2ExaKO7GhafvrUHOjWxjgC
Let Me Love You (Until You Learn To Love Yourself),4kte3OcW800TPvOVgrLLj8
International Love (feat. Chris Brown),62zFEHfAYl5kdHYOivj4BC
Feel This Moment (feat. Christina Aguilera),0Hf4aIJpsN4Os2f0y0VqWl
RITMO (Bad Boys For Life),5NyS3oxTlos3Agl2YtZwrC
Babe,0v4z1tuZvn6LGknom9Qx7d
Old Thing Back (feat. Ja Rule and Ralph Tresvant),6HTJZ0TQJVMSKkUGzAOe2h
Criminal,18ohWhzbMCynq5QJ68ifkW
Decisions (feat. Maia Wright),40xLrjniJVkxuWbka7KavC
We Got That Cool (feat. Afrojack & Icona Pop),2cFK03sObtI6AK3QKeOT5g
"Let's Celebrate (From ""Tevar"")",7GebhNsNL8mm3D218sd1IM
Love Is Love - MOTi Remix,5O0sYkqHNxtfSM2GUYFBhP
Superheroes,37sINbJZcFdHFAsVNsPq1i
Safe With Me (with Audrey Mika),6Skh3CBum0pZw9TOr7FQnX
Out Of Love,0IJA9KP6rT55jrP1YpTdhx
Complicated,5xEM5hIgJ1jjgcEBfpkt2F
Ep 6: The Queen's Gambit,2azw0faCmTe8BvfV6Az5cT
Bojangles (Remix),7snK1sf3ZHxahCYpFy1aJ8
The Other Side,2cKovq3l6OJjhVVDbVKOsr
Summer Love - Recorded at Spotify Studios NYC,7l3C6vs5qUb8FrOhDmHmgL
One Drink Away,7i7DaXk1g3da6G3421Gi3i
i miss u - VIZE Remix,4zvJFnv4nIwW1rAN4XlhBc
Turn Back Time,6qIYUq7qoHFvqWuUjBVovi
Where The Lights Are Low,0Cnb8XdGDMHAmIRBUJMkIS
SAVED ME,0jdiV3mGftiKLzHjEKC1oo
Do Or Die,7gWgGha8UgJQ5mRll8pCwI
How to Love (feat. Sofia Reyes),1lWoanAmIk1PZisbP5LmwT
Cut To The Feeling,6EJiVf7U0p1BBfs0qqeb1f
Promised Land,0sXSFQXGhkXzmdt07flWXl
Midnight Serenade (feat. Erik Hassle) - Kungs Remix,5njVUWfhWAw4Ivis7FNeQv
Call Me Maybe,3TGRqZ0a2l1LRblBkJoaDx
Can't Hold Us - feat. Ray Dalton,1ydmhnyDOWr5y0s7Vvdw5i
Rise,69Sy7207dnixZ6w7RSV9Kb
Peach Jam,4VGZ6wgQtv00GSdBVunpzR
OMG (with Carly Rae Jepsen) - MOTi Remix,6C3KjmM03L3CKHf2vhU5Pa
Moves Like Jagger,64QftS2rGzpynevjuCsJXW
Hot2Touch,0m6M0TRGs7dOqZAryYcwiH
Stronger (feat. Kesha) - Frank Walker Remix,1Njeze27z7pEMRcTPwhdUz
Nobody - Acoustic,2A166ONzLUq90QAte1Rhhg
Nights Like This,1XBYiRV30ykHw5f4wm6qEn
Drown (feat. Clinton Kane),4RVtBlHFKj51Ipvpfv5ER4
Parachute,6XzwXm8VQM2HX25tViPxNX
Don't Worry Bout Me - Rudimental Remix,4R7ZSlYoJOIaxHJFHszQCR
Overdrive,3QyoC6OvQUmpQwQZ18iaTs
Teenage Minds,1vdjJ55uw3WOuu7ZSyABFP
Strongest (Alan Walker Remix),2r9hCNjupNy2C2g3r6SNz6
Dynamite - Retro Remix,46cgcwt80u5CaiqHu361UH
Million Voices - Radio Edit,0MOiv7WTXCqvm89lVCf9C8
Power,2gZUPNdnz5Y45eiGxpHGSc
Energy,79XrkTOfV1AqySNjVlygpW
Think About You - Galantis Remix,4fC6tDEFmSBBCRBUOPeQ8b
Won't Let Go,2c3zMPsSmGkXCLQwCQqdhz
Play (with Years & Years),6CXh0RBouuXSUyIKzwYswZ
Uninvited,7c1iI6dwdCpHGYT8DGEfab
Weight Of The World (Tritonia 331),6KrBPAXOMVlDazewBkIZit
Someone,7qEHsqek33rTcFNT9PFqLf
Eastside (with Halsey & Khalid),0d2iYfpKoM0QCKvcLCkBao
Bruised Not Broken (feat. MNEK & Kiana Ledé),2ak79ho44RiDi9DFrqYgfq
Boyfriend,59CfNbkERJ3NoTXDvoURjj
Hell and High Water,49HDqIb4ved6wBK07lVbru
Woman (feat. The Dap-Kings Horns),1kJtfldK9F7XmsSiSNlbth
No Drama (feat. Craig David),6IIOcnq93QAaKeRX1cs16v
Calling On Me,5I4VsjWxOqN1nWfUpFZFM3
The Nights,0ct6r3EGTcMLPtrXHDvVjc
Silverskin (feat. Dillon Dixon),5uSrc15udTtdHXj9QWhfHD
The Girl That's Underneath (feat. Jabbar Hakeem),6vzMM12p1XkbheVj39VVvT
Tongue Tied (with YUNGBLUD & blackbear),7jzldCBnJjpJM3epzJ85KE
VIP,784yidBU5yJ8rtUvsm7XAJ
Play with Fire (feat. Yacht Money),7vguMCv8uVuZLiQJ156u3Z
Mine,7G0gBu6nLdhFDPRLc0HdDG
Thunder,1zB4vmk8tFRmM9UULNzbLB
New Thang,4PVm8e67skz8B8wiJP2kwk
Summer,6YUTL4dYpB9xZO5qExPf05
Don’t Give Up On Me Now,4lzgKfKsmcHQdadDfhlvBU
Whenever (feat. Conor Maynard),3DGar7krWlmrXRFHBcQF6z
Brand New,3MbOT5mzE94Ne0Hv51akoS
We'll Be Dancing Soon,39CyGsoGoW4yayA731IP4s
Last Goodbye,0j2Tw0MkOFKzXpwJLzW3vD
"Like A Riddle (feat. Hearts & Colors, Adam Trigger)",2jGOQqWZKjy6A64kWIcdIs
Maps,4gbVRS8gloEluzf0GzDOFc
Follow God,2QpGZOhTCHHiKmpSO9FW4h
Nice to Meet Ya (feat. Nicki Minaj),5HqRQwSAPAgJBQ3bhtpUTg
Kissing Other People,4WjTbrxOPvSwQlajlE4aXH
Do It Like Me (feat. B-Case) - Robin Schulz Remix,4Zy6ClzaV1UbBPxhw1J1RP
Break Your Heart,1CdqVF1ywD0ZO1zXtB9yWa
All Around the World (La La La),1D2Aldrksl9yWWCIPOeDzy
Hey You,7F02x6EKYIQV3VcTaTm7oN
Knockout,1DDsYldutVWnRrRbZc5X5B
Act Like That,2MZDCu67zTIXgSEwKIaT4o
Jackie Chan,4kWO6O1BUXcZmaxitpVUwp
7UP,3PRqiN41BIPkeai16CWjqy
e1 • the one with the wedding dress,
Woman - Rare Candy Remix,6w6uRe7tB2faQMJ9e8Fy8U
One More Time (feat. Alida),2REu6wX4KKrG6uGlTKVqu6
Antidote - Extended,14epucTZd8dLIYipdByNZS
Adan y Eva,132ALUzVLmqYB4UsBj5qD6
Before You Go - Acoustic,4wvD3nbekctJJPisGYswmA
Rock Paper Scissors,07UfHum6GRuQSSp3QwxGM7
Ice Cream (with Selena Gomez),2J4P46vCFm1rPkNkp9pZWX
Better On Me (feat. Ty Dolla $ign),0vLlEo1D4VRiGzMLxLbsh2
Mama,1PvhuffRIPgvOYsa6tPEkr
Miss You,1ulh1VlvQW8hM3C3aCM41e
Someone To You,14BH4qO7pgCmIe6mgLKOK3
Stay (feat. Maty Noyes),2FiSTH0GYpIioUgjfzMIja
Déjà Vu,3ucQ4DLpH8RgyzqYBMnDpj
The Ocean (feat. Shy Martin),2CPqh63wRVscbceKcPxwvv
